0.0118,1.2486,0
11.2462,0.3636,2
11.7451,12.1019,1
8.0327,1.298,2
0.616,-5.6191,0
1.2654,0.365,0
11.8563,-0.1514,2
9.3591,0.0297,2
8.4236,0.7493,2
0.4906,2.6874,0
12.7526,-3.8877,2
13.1236,1.2444,2
-0.7549,-4.2269,0
10.1407,10.5297,1
8.4174,10.8922,1
-0.3652,-1.05,0
0.2806,0.9523,0
8.3351,-1.8622,2
0.5991,-2.5594,0
5.8954,9.6899,1
10.1884,9.1204,1
8.8773,9.6907,1
11.9622,1.0576,2
10.8337,0.0132,2
9.5364,-3.6996,2
13.0658,11.0106,1
11.3941,12.3734,1
0.8354,3.3908,0
8.0858,2.4386,2
9.6904,9.6161,1
9.994,0.1221,2
10.8716,-0.3293,2
-0.1779,-5.0725,0
14.2768,10.0234,1
0.2087,0.7088,0
9.9165,10.4736,1
4.7163,10.706,1
13.3235,-0.9764,2
1.2689,-0.6062,0
7.0556,8.5584,1
7.0274,9.1972,1
12.2709,-0.5345,2
0.7005,-1.2445,0
8.7828,0.8054,2
9.8662,-0.2567,2
9.5476,10.4464,1
1.4787,-6.8336,0
9.0571,-1.0053,2
1.0101,0.2468,0
8.585,-2.8948,2
8.2157,1.3175,2
1.402,-2.0514,0
10.960999999999999,1.2929,2
9.8658,1.3419999999999999,2
10.5292,0.5435,2
-0.7438,-0.9911,0
8.7382,10.4082,1
1.2973,-6.1504,0
8.8598,8.7195,1
5.678999999999999,0.5729,2
-0.5802,-2.5215,0
0.5979,0.9844,0
-0.5205,4.1929,0
11.2331,12.8903,1
0.5827,4.4724,0
8.5373,9.857000000000001,1
10.8378,-0.3997,2
11.1284,9.6547,1
14.1831,10.5386,1
13.7404,5.155,2
0.3944,0.6309,0
11.2647,10.0977,1
10.4397,9.5167,1
9.1141,11.4452,1
0.2845,-7.3216,0
-1.3391,2.3743,0
-0.0392,-1.3122,0
10.2758,9.0613,1
11.2856,1.3516,2
0.6481,-1.825,0
8.7545,2.3642,2
7.5645,9.9146,1
4.8687,10.2749,1
8.5508,-0.8666,2
9.4605,1.2651,2
0.6193,-3.0331,0
9.0416,-2.4931,2
11.1259,-0.3163,2
8.8355,9.5648,1
7.2629,-2.3141,2
-0.7182,-2.6719,0
10.842,8.2165,1
-1.5264,-0.2427,0
-0.4421,1.2705,0
7.8999,9.224,1
0.0515,0.1032,0
7.5916,10.5058,1
12.0102,-1.314,2
16.188,10.1456,1
10.5233,11.2089,1
10.3989,-4.2496,2
9.9849,-3.2963,2
-0.7609,-1.3013,0
0.4847,3.9725,0
12.1896,2.5364,2
-1.2828,-4.7695,0
8.7671,-1.5765,2
7.0169,7.1878,1
-2.7668,-3.0306,0
13.2059,0.8127,2
11.8209,-1.3034,2
6.1841,9.8749,1
12.9383,1.1048,2
11.5388,7.6108,1
9.4014,-3.0853,2
-1.775,-5.8258,0
0.6814,1.4218,0
8.7221,8.8945,1
11.0138,0.8525,2
8.4149,10.8964,1
11.4654,8.9936,1
0.6845,1.8271,0
11.4564,0.7979,2
0.509,4.3061,0
-2.2199,4.4935,0
9.2899,10.4235,1
12.3716,10.9527,1
10.0051,9.9762,1
17.237000000000002,10.285,1
-0.237,-1.01,0
5.3238,11.1391,1
9.592,-2.2434,2
1.6594,-0.6121,0
-0.3712,4.675,0
9.2826,-1.5873,2
12.4099,10.9221,1
7.7645,9.3395,1
9.3991,0.7245,2
12.7239,8.0381,1
12.7749,9.1229,1
-0.065,-1.1717,0
12.6583,9.2288,1
11.1069,0.9079,2
7.9555,2.2526,2
0.7639,0.326,0
0.1887,0.1121,0
12.5269,10.4459,1
6.6494,0.4431,2
9.8395,0.4113,2
10.2785,2.6945,2
7.4754,9.5873,1
12.7354,9.0572,1
-1.0035,-1.2705,0
16.7764,8.7817,1
-0.3618,-7.3387,0
9.7028,5.2019,2
1.3698,-2.0451,0
-0.8634,2.2953,0
8.0229,9.4035,1
0.2985,-2.7393,0
6.023,11.6682,1
1.4274,2.4236,0
10.075,11.8237,1
-0.1451,5.9973,0
10.6388,-2.1042,2
9.0265,9.8089,1
6.2505,8.6265,1
10.1272,2.4144,2
7.0959,8.7162,1
11.3228,0.2454,2
-1.3332,0.9956,0
-0.4693,1.3176,0
0.6535,-3.6556,0
12.0185,-1.5568,2
7.9796,10.2942,1
-0.0965,-2.6529,0
10.2723,2.8975,2
0.8745,-1.5228,0
0.9923,-1.9488,0
0.7227,-1.9163,0
14.2774,10.1921,1
10.7167,2.1390000000000002,2
8.249,10.0458,1
14.1322,11.7462,1
9.2301,10.0382,1
0.9166,-5.6503,0
12.7656,9.1112,1
0.179,-0.2236,0
10.2765,1.3426,2
-0.7695,-0.8218,0
8.8749,-1.5313,2
-0.1886,3.9426,0
12.1899,1.5019,2
12.3664,0.0075,2
10.2638,9.8901,1
10.7464,-2.4865,2
9.6131,2.3701,2
-2.5974,2.2279,0
7.8865,-0.2584,2
0.48,-0.9658,0
12.0861,-1.5827,2
10.6397,-0.0098,2
1.0565,-2.9492,0
8.738,0.6961,2
11.4012,-0.4541,2
8.9185,10.4791,1
7.9727,11.2488,1
13.0388,10.025,1
11.9287,1.4383,2
19.3232,8.6868,1
3.7642,9.7596,1
10.5357,0.41600000000000004,2
12.2332,9.1813,1
8.2159,1.29,2
12.3213,8.8818,1
11.9418,11.2568,1
3.6147,9.9094,1
10.992,-0.9091,2
10.7022,11.7749,1
-1.4187,-0.1765,0
11.8931,-1.5108,2
11.6605,9.2055,1
10.1174,8.8286,1
10.1072,1.0623,2
11.3222,9.4114,1
9.6151,10.2692,1
5.0222,9.9693,1
13.0437,10.2492,1
11.3838,-0.5488,2
14.5344,-0.7047,2
13.9595,1.4228,2
6.7979,10.1086,1
-0.4727,1.3922,0
9.9254,0.2575,2
13.0637,9.2423,1
-1.5288,1.3471,0
9.8012,7.9403,1
11.9129,0.5255,2
9.6557,0.7572,2
-0.5266,2.7277,0
0.9872,-4.9648,0
12.1726,-2.0793,2
0.4059,1.5938,0
6.7581,10.0596,1
1.0377,2.1831,0
-0.7239,0.8251,0
11.3598,-2.9731,2
8.8609,10.4628,1
10.0203,3.0155,2
1.3439,-0.5355,0
6.5475,1.6072,2
4.2398,8.5235,1
-0.3156,1.7292,0
-0.3499,-0.9092,0
-1.1221,1.7621,0
8.8609,-4.1536,2
9.1452,-0.4042,2
11.0512,0.0927,2
11.6693,10.1783,1
10.1852,2.88,2
1.0081,1.6734,0
10.077,-1.7681,2
9.9169,1.92,2
0.1022,3.3377,0
6.301,-1.6734,2
-0.0314,1.7949,0
10.6487,-1.993,2
12.9247,8.5388,1
7.7478,10.4021,1
11.1139,-4.3292,2
11.032,-0.9635,2
9.1603,8.6434,1
9.8887,10.584000000000001,1
7.876,-2.2073,2
0.4699,0.9495,0
7.827999999999999,0.6113,2
10.5143,-0.5955,2
7.6454,1.3095,2
-1.2147,-1.9388,0
13.4875,5.3619,2
-0.3553,6.8146,0
11.7106,10.536,1
14.8484,-1.2203,2
10.7726,1.155,2
0.4505,-0.4073,0
10.0223,2.8096,2
10.6511,-0.7815,2
10.4693,11.5133,1
12.7744,8.3782,1
-1.3686,2.4418,0
13.5,1.5599,2
11.4427,2.376,2
-0.1116,-0.7648,0
7.4789,8.5693,1
13.9581,11.1749,1
10.2756,-0.7774,2
9.235,-1.3193,2
1.3022,0.0936,0
8.7057,8.0892,1
6.654,10.0644,1
-1.4162,3.9058,0
11.527000000000001,-1.2372,2
10.0099,0.4489,2
12.6229,0.2724,2
3.5589,10.9342,1
-0.9725,-4.4821,0
9.7529,10.7556,1
1.5935,7.317,0
1.1894,-6.8052,0
6.0944,11.6864,1
10.9229,1.6914,2
11.7554,8.7943,1
6.2078,-1.5118,2
2.5102,10.4751,1
1.5703,4.6264,0
9.6657,8.5798,1
9.593,-2.6211,2
7.9223,10.3374,1
-0.4155,-4.1543,0
10.3538,-1.5290000000000001,2
10.9125,2.001,2
8.7585,10.4911,1
9.9826,-0.5126,2
0.2307,2.7226,0
13.2081,12.0424,1
1.1001,3.918,0
9.3306,8.2914,1
10.2063,10.2873,1
13.4623,9.3422,1
9.5239,8.6568,1
1.2271,0.7355,0
1.1832,-1.2071,0
10.3548,-2.7421,2
10.4246,9.6283,1
0.8664,7.8352,0
-1.0624,2.9959,0
-1.2772,1.7893,0
0.2771,-1.2890000000000001,0
-0.3877,-0.2028,0
-1.062,-3.0585,0
9.8244,3.1827,2
5.8832,8.0152,1
0.1279,0.8698,0
9.9346,2.845,2
0.5419,-4.9707,0
0.4584,0.1128,0
14.3867,8.2433,1
-0.0255,3.3341,0
0.5076,0.9249,0
8.5678,9.9823,1
12.0569,8.1948,1
12.0074,8.7703,1
8.6779,12.2581,1
12.3692,-2.2230000000000003,2
12.3544,10.0596,1
11.1267,4.3012,2
9.2811,11.6072,1
9.2981,10.7346,1
11.466,0.7295,2
11.3213,0.2106,2
8.7404,-0.5544,2
10.8174,2.6049,2
10.5843,1.4982,2
7.9997,9.4182,1
13.807,11.9027,1
-0.1515,1.198,0
0.6970000000000001,-2.4363,0
-1.2717,-2.3128,0
7.4517,10.0495,1
9.4457,8.9914,1
8.1227,9.4859,1
0.6115,-0.6568,0
7.9771,10.1481,1
9.9746,12.738,1
8.4101,9.5785,1
-0.7765,-2.6746,0
7.0165,9.7056,1
9.1564,9.7179,1
10.6157,-1.1179,2
13.645999999999999,9.9558,1
7.4357,9.4558,1
8.103,1.2276,2
-0.0834,-3.4023,0
10.0875,-3.9191,2
2.1516,7.5614,0
11.4521,2.1509,2
10.2355,10.3918,1
11.6472,10.359000000000002,1
0.1671,2.5551,0
7.7735,-0.7679,2
-0.9867,1.1208,0
4.9241,11.2151,1
10.6594,1.8314,2
0.1892,4.1942,0
-0.9663,-3.7975,0
7.4629,8.5203,1
10.2358,-3.2546,2
-0.6408,1.6994,0
0.7319,-1.3111,0
9.2544,-0.613,2
-0.7954,-1.4326,0
10.6682,10.2553,1
0.2515,0.4054,0
9.9206,9.3835,1
-1.0263,6.468,0
0.2607,0.4784,0
10.6918,0.9478,2
10.5646,9.1947,1
14.0363,9.8571,1
-0.2151,-0.8779,0
17.4397,10.970999999999998,1
9.1626,-1.6016,2
6.7255,8.8266,1
9.7123,10.424000000000001,1
9.7749,-0.5646,2
-1.6931,1.011,0
10.9627,9.7579,1
13.4694,-1.5933,2
9.0104,-0.4285,2
10.4364,1.8237,2
12.0678,-0.4231,2
17.178,10.8363,1
7.1269,-0.6254,2
10.7554,0.8054,2
18.3017,8.5237,1
-0.0646,-1.2656,0
6.3499,0.2282,2
-0.5545,-1.1848,0
9.2161,-3.4298,2
0.4085,-1.1253,0
12.575,10.9781,1
0.9715,0.7198,0
-0.8957,1.5156,0
-0.1688,-3.2194,0
5.3645,-2.6968,2
0.233,3.9433,0
10.7899,0.3718,2
10.4926,-4.2286,2
0.0818,2.8699,0
6.5297,-1.1297,2
1.2443,1.1347,0
10.23,-2.5187,2
-0.8204,-7.3904,0
3.9884,9.2715,1
-1.1357,3.1251,0
8.9195,1.6688,2
11.0048,9.3955,1
-0.389,-3.7727,0
0.8529,0.6383,0
9.5456,-1.5659,2
0.8027,-0.5173,0
13.4251,-0.1372,2
-0.3501,-2.1697,0
10.0077,10.2798,1
9.6343,10.4737,1
-0.3853,-3.1096,0
0.6146,2.149,0
12.9481,8.1927,1
5.7897,8.9926,1
-0.5474,1.0419,0
7.6986,9.4171,1
10.0207,3.2626,2
-1.1525,-1.4861,0
0.2799,0.1944,0
8.9612,9.1485,1
14.3164,11.144,1
0.1866,5.5215,0
9.1568,12.2444,1
2.3612,0.4092,0
11.085999999999999,-0.3453,2
11.3752,9.5571,1
8.2652,-0.2804,2
10.7016,12.1329,1
10.7824,1.4313,2
8.9087,0.5691,2
10.0532,1.3985,2
10.9093,-1.5729,2
-0.8965,5.5245,0
8.4816,-1.3719999999999999,2
11.5771,8.0379,1
10.8561,-0.4055,2
-0.8737,-3.7916,0
0.4146,-0.5103,0
11.8839,11.3914,1
7.9244,-1.5705,2
8.3027,-0.5485,2
-0.8909,1.9073,0
9.4165,9.1698,1
10.7741,0.6035,2
11.1085,9.5606,1
-0.4335,-4.4628,0
1.3346,-2.5226,0
10.6753,0.4795,2
2.1116,-2.9449,0
0.0503,2.274,0
-0.8689,-5.8993,0
-0.7941,3.6928,0
-0.5144,-0.8131,0
0.0622,2.0951,0
-1.5249,-0.5695,0
-0.7928,-1.321,0
10.8676,9.7458,1
12.9415,10.5454,1
0.2269,3.8951,0
-0.9637,-4.1059,0
-0.8648,1.7251,0
0.8418,-4.7139,0
10.6866,4.0567,2
0.9229,-1.8392,0
11.9364,10.3666,1
12.575999999999999,-0.8125,2
-0.8397,1.3761,0
12.2566,0.9044,2
9.5521,1.078,2
0.3902,2.6289999999999996,0
8.5595,9.6341,1
12.5446,9.9999,1
0.3204,1.9925,0
8.7755,0.138,2
-0.8340000000000001,2.1704,0
0.1185,-1.3122,0
0.7467,-1.5633,0
-0.6826,-0.3036,0
9.0125,-1.1281,2
11.6782,7.9957,1
20.2846,10.4935,1
8.7748,-1.6431,2
15.1932,8.3603,1
5.0783,10.9468,1
1.2222,4.9844,0
8.6565,0.5318,2
0.2781,4.8658,0
11.960999999999999,10.003,1
-0.5925,5.88,0
-0.6116,1.1037,0
-0.3772,3.9746,0
8.8022,9.2636,1
6.7876,0.1002,2
11.2531,9.5062,1
0.6378,0.3281,0
-0.0028,1.4373,0
-0.6328,4.4902,0
10.2807,-3.6664,2
0.738,-2.4342,0
0.5081,0.7202,0
10.5552,1.6663,2
-0.2101,-8.595,0
6.6087,-3.3173,2
10.4898,0.5445,2
10.6455,2.175,2
7.4844,9.4741,1
-0.0303,-3.2459,0
7.4668,13.027000000000001,1
8.9836,4.1285,2
3.9018,9.514,1
13.0868,-1.4777,2
11.3678,0.3663,2
0.418,-5.0735,0
-1.385,1.0268,0
11.5795,-3.2888,2
13.272,8.6339,1
9.4519,-1.34,2
10.8338,-3.3078,2
0.7434,1.2979,0
11.874,8.3169,1
11.3118,-0.008,2
11.4914,10.2195,1
10.4899,3.6592,2
10.6106,1.6165,2
-0.2565,0.4548,0
1.7088,0.1359,0
10.8866,9.2806,1
10.3493,8.7424,1
11.3098,1.361,2
8.2719,11.5138,1
0.1653,-6.2733,0
4.3546,10.1456,1
0.2265,2.6912,0
0.5345,-4.3818,0
1.0808,-4.2353,0
0.9052,1.0409,0
10.6608,-0.0497,2
9.708,9.0294,1
11.453,0.1612,2
5.7581,10.7307,1
9.644,10.3421,1
-2.4231,1.2773,0
12.7531,10.0113,1
-0.6025,3.9941,0
-1.6562,0.6519,0
1.4022,8.8795,1
0.7878,-3.3369,0
10.9048,8.5075,1
-1.4287,-5.8959,0
13.2228,1.8282,2
0.9620000000000001,2.2531,0
17.4286,11.2934,1
-1.6078,3.7353,0
-0.9319,-0.4252,0
8.2736,-1.1947,2
0.0956,3.1407,0
10.8487,1.3505,2
0.1493,3.0132,0
-1.123,2.9553,0
6.9907,10.0435,1
15.0081,11.8579,1
-0.1994,2.6127,0
10.2411,9.6495,1
0.1,-2.6973,0
11.6793,1.7771,2
14.9684,10.8007,1
7.9925,11.0756,1
9.3805,-1.555,2
10.3451,9.7519,1
0.9249,-1.5035,0
-1.3639,-0.1822,0
1.3936,-1.5921,0
13.8318,-1.9808,2
8.8721,-3.8762,2
10.0184,10.0345,1
5.7246,10.0173,1
0.9956,1.9866,0
1.1367,0.0651,0
9.9118,-1.506,2
6.768,8.1584,1
-0.5632,2.9787,0
-0.0644,2.2049,0
9.1763,-0.3288,2
7.4684,0.2878,2
7.1462,0.0873,2
10.6668,1.964,2
10.0547,9.5934,1
12.2892,-1.8417,2
8.8335,10.0827,1
11.9204,0.8214,2
14.0898,9.7637,1
14.5516,10.6996,1
-2.3595,4.3967,0
0.8933,-0.6916,0
10.2178,0.5119,2
6.1751,10.4949,1
10.2413,1.7898,2
10.1748,2.3859,2
10.4959,1.9466,2
9.4205,1.4987,2
7.039,10.5487,1
11.5434,10.648,1
7.8628,8.9953,1
0.0503,1.0081,0
1.2491,-0.0154,0
11.5573,1.2221,2
11.2154,-3.1521,2
-0.3062,-5.4248,0
11.0255,-1.065,2
12.3055,8.5101,1
0.6338,2.0946,0
10.7192,-0.3945,2
0.3227,-3.2092,0
9.6024,8.712,1
3.3894,9.6823,1
16.3924,8.3107,1
4.8879,8.7103,1
0.1973,-1.9869,0
-0.8554,4.1884,0
9.6425,8.4513,1
-0.3489,-1.8788,0
8.2704,10.8317,1
9.0259,10.6743,1
8.798,-1.6033,2
8.9039,10.1435,1
8.09,1.5734,2
6.8109,-0.8702,2
16.9643,11.6725,1
-0.6003,-3.3675,0
9.4275,-0.9062,2
5.3472,11.4183,1
7.8089,-2.6857,2
13.4418,-1.475,2
8.8352,0.28800000000000003,2
-1.7697,0.318,0
13.0028,8.8585,1
12.9602,8.2547,1
0.1769,-4.3688,0
12.481,9.611,1
-0.2309,-1.8084,0
-2.6067,-0.7303,0
-1.1257,6.9408,0
9.2857,1.5582,2
9.0583,-2.9787,2
8.6858,10.7593,1
6.6159,8.8737,1
0.7804,4.593999999999999,0
12.4056,9.7167,1
0.7698,2.3878,0
11.9039,8.8454,1
2.0448,3.9648,0
9.8721,9.1695,1
11.8164,9.3959,1
1.1515,0.0313,0
11.6718,-1.2847,2
10.7615,-2.6064,2
-0.5509,-1.6378,0
9.6673,9.2551,1
8.3937,-2.6443,2
9.8877,1.1475,2
9.1829,-0.2871,2
9.7743,-0.4158,2
5.5204,1.0362,2
-0.5888,4.6863,0
-0.4137,2.1703,0
9.6625,3.4729,2
8.4467,10.6109,1
-0.5908,4.2492,0
14.1877,9.6231,1
14.6217,10.5131,1
11.5126,1.9772,2
9.447000000000001,-2.772,2
11.1998,9.3511,1
-0.5951,-3.7954,0
-1.0614,-2.3604,0
7.7287,1.2298,2
-0.7465,3.3360000000000003,0
11.0015,8.1838,1
-1.9967,2.3433,0
2.2207,0.7031,0
-0.5412,-0.4075,0
8.4694,-0.6718,2
8.4034,9.213,1
-0.9294,-6.4716,0
10.2557,10.850999999999999,1
7.8913,10.2147,1
9.9341,-1.8568,2
7.6610000000000005,9.517999999999999,1
10.1908,-2.056,2
5.0311,10.0189,1
7.5882,8.3441,1
-0.2971,10.4948,0
-0.3051,2.9977,0
-1.1524,-2.4832,0
12.4842,8.2853,1
-1.6344,0.9237,0
0.9763,0.1701,0
-0.604,3.9233,0
11.2534,10.0136,1
4.8376,11.4019,1
8.7183,9.1543,1
9.9397,9.0307,1
-0.3946,3.6092,0
8.5662,7.6516,1
8.2332,-1.8237,2
8.8274,0.3312,2
-0.8603,0.1338,0
8.7619,1.5098,2
6.7949,0.9553,2
12.4886,9.3011,1
-2.3127,1.7183,0
0.4013,-3.0785,0
10.7879,-2.0478,2
12.9841,-0.555,2
1.1572,-0.5710000000000001,0
9.0723,3.2048,2
6.9963,7.1482,1
10.4375,2.0861,2
8.1315,-0.7063,2
-0.6841,2.4025,0
10.0727,11.7526,1
10.4424,-1.9609,2
7.8306,0.292,2
1.1454,1.4507,0
-0.7302,4.756,0
5.1269,12.2134,1
11.2858,-3.764,2
8.6007,-0.0484,2
10.5819,9.4693,1
9.8931,0.7663,2
7.9926,-0.9774,2
1.1086,-0.1448,0
10.6174,8.4241,1
7.2001,10.8242,1
1.59,1.7527,0
9.179,2.1346,2
10.3734,10.0446,1
7.4723,-3.3906,2
8.1597,11.4544,1
0.3173,3.8546,0
7.1252,-1.2346,2
14.1643,11.4654,1
8.0201,10.5431,1
8.2458,2.9461,2
8.9603,10.4716,1
0.4489,-2.7558,0
9.2499,-1.3628,2
0.9348,2.4089,0
13.1214,11.4102,1
12.7519,9.7361,1
10.6022,10.3949,1
10.7792,2.4051,2
11.3754,8.4336,1
1.8071,-1.3438,0
12.4021,10.7246,1
10.2528,-0.8971,2
11.7265,-2.3084,2
8.5002,9.3553,1
10.7177,8.3192,1
11.0711,2.2781,2
11.4543,11.1439,1
6.9641,6.9652,1
-0.1173,-0.8048,0
-0.9102,1.1054,0
1.6019999999999999,3.3447,0
6.6577,10.9376,1
10.4978,-1.4796,2
8.6009,3.6319,2
11.2289,0.2178,2
-0.8094,-3.5121,0
10.3238,10.9565,1
-0.2049,-2.6658,0
-1.2914,2.6861,0
9.3996,2.7562,2
8.152000000000001,-0.6912,2
7.0109,1.6694,2
-1.1506,2.9810000000000003,0
12.2985,4.1525,2
11.4666,8.244,1
7.9435,0.1741,2
1.3035,-1.4237,0
0.7782,-2.0027,0
8.411,0.4858,2
0.1559,0.5272,0
10.0083,10.4782,1
8.6327,1.8304,2
9.5451,11.3201,1
12.8895,9.2821,1
0.3425,1.9974,0
9.7661,0.5834,2
9.8551,8.5297,1
9.0521,9.7878,1
14.1589,-4.313,2
1.6218,-3.7127,0
0.0874,-6.3893,0
6.6323,10.0882,1
-0.4078,2.2979,0
11.9492,9.4655,1
11.4326,9.4423,1
-1.6221,3.2119,0
11.1228,8.988999999999999,1
-0.1638,1.906,0
-0.3049,-1.1608,0
8.4212,0.006,2
9.0823,10.5328,1
12.3866,-1.3182,2
0.1172,-1.9785,0
0.1458,-1.4708,0
11.3954,-0.1994,2
6.2816,8.9046,1
-0.7305,1.6646,0
12.4407,1.7767,2
10.0827,-0.9109999999999999,2
-2.0253,1.1916,0
10.2356,-0.8802,2
-1.39,0.5596,0
9.8811,10.4603,1
1.0858,-3.2163,0
7.143,9.916,1
11.2221,0.9292,2
5.0223,10.6001,1
10.1426,2.2308,2
-1.9114,-1.4253,0
11.1479,1.6601,2
9.0768,1.6892,2
16.015,8.3799,1
11.4489,9.0177,1
3.4563,8.6897,1
-0.6867,1.6309,0
13.4488,9.2896,1
10.5698,1.0506,2
0.0508,-4.7569,0
10.7946,-0.2425,2
10.8233,-2.7209,2
0.3567,-3.2582,0
3.5494,9.4839,1
0.5667,-3.1163,0
0.1635,2.5808,0
6.1798,11.2223,1
9.9115,4.0006,2
0.0391,-3.7844,0
1.1842,-0.7252,0
10.4832,-0.7859,2
8.0804,-0.5058,2
-1.0333,1.2798,0
0.3217,5.8149,0
1.3859,1.4322,0
11.4494,1.5072,2
9.549,2.5359,2
11.3169,0.1015,2
11.165,-4.3251,2
-0.1748,-0.4546,0
6.6916,10.1017,1
0.0227,0.6226,0
-0.4793,-3.7895,0
13.9813,8.1476,1
12.2582,-0.1762,2
11.78,-0.4496,2
8.3511,-1.2543,2
7.1943,10.2202,1
0.8643,4.8274,0
11.489,-1.8295,2
6.6149,10.6766,1
13.4095,9.8513,1
12.6025,10.2788,1
0.5561,3.7109,0
1.1928,-1.4068,0
12.4812,7.9557,1
8.4844,2.1525,2
-1.5045,-7.718,0
2.3082,3.1691,0
-0.6747,0.4225,0
6.7688,10.5346,1
9.6281,10.8996,1
0.0024,0.7338,0
1.2243,4.5975,0
14.5243,9.3565,1
8.908999999999999,1.0108,2
4.2092,10.3311,1
0.0128,-2.2172,0
-0.5939,-3.0228,0
7.5647,-1.7212,2
11.4608,-2.7437,2
1.8236,2.4324,0
9.8245,-0.9027,2
13.6029,9.3531,1
-1.3552,-2.476,0
0.3874,-1.8556,0
0.2163,2.354,0
14.0873,10.2316,1
12.5572,-2.0748,2
6.309,11.138,1
10.5653,9.999,1
11.4923,0.5939,2
4.4322,9.9051,1
9.0702,-3.5115,2
7.9236,-1.3977,2
10.2348,-4.508,2
11.2085,1.3331,2
-0.7808,7.886,0
2.2341,-3.3732,0
0.77,3.9564,0
7.3111,0.8157,2
6.7131,10.7611,1
-1.5988,-1.0363,0
8.3526,-1.6207,2
-0.1055,1.7462,0
8.815,-2.662,2
10.7433,8.7376,1
12.8276,11.7785,1
9.3065,8.9554,1
12.6723,10.3052,1
-0.7147,0.9033,0
0.7917,6.3214,0
9.5342,0.5297,2
11.1095,7.6361,1
12.0153,8.8277,1
5.2574,9.8055,1
13.1751,0.0228,2
9.1768,11.7947,1
0.5267,0.7096,0
-1.8844,-0.6414,0
10.4117,0.4919,2
0.1317,-0.2363,0
-0.0131,-0.8545,0
1.5057,3.0019,0
11.2863,-2.4027,2
11.1041,-3.8471,2
10.9008,2.1855,2
-1.4023,2.1081,0
6.3967,9.6029,1
13.0767,10.5656,1
-0.5769,5.002,0
11.749,-2.7556,2
8.3617,10.9403,1
13.697000000000001,9.7377,1
7.956,-1.2638,2
10.4521,0.5343,2
7.7636,0.3746,2
0.4895,1.0589,0
13.4523,10.671,1
0.272,2.7460000000000004,0
12.9082,9.9001,1
9.7819,-4.0038,2
14.3838,-1.0917,2
15.7145,9.7175,1
9.3315,-3.2595,2
10.377,-1.0046,2
9.9423,-0.4889,2
9.0172,7.5684,1
12.8766,10.6753,1
12.3607,-0.9890000000000001,2
11.0786,-0.1767,2
-1.2092,-1.3356,0
0.8825,-2.5027,0
8.3287,11.8777,1
9.367,11.4033,1
12.072000000000001,10.5847,1
0.6383,-1.6215,0
-0.1541,2.3227,0
-0.5817,2.2795,0
8.7913,-2.699,2
10.5743,9.499,1
-0.7716,-2.1411,0
12.0069,-1.5197,2
7.8282,-0.3234,2
12.8349,10.9078,1
-1.4134,0.7336,0
0.9887,0.9149,0
10.8261,12.3171,1
11.8951,-0.9093,2
0.4382,-1.8721,0
7.2227,9.107000000000001,1
9.1972,0.6627,2
5.6105,10.0596,1
12.3244,-1.6076,2
11.2166,9.412,1
13.8832,-0.3025,2
11.2672,0.5345,2
-0.1364,-1.0412,0
8.9855,1.9259,2
11.8703,12.8827,1
9.5543,9.8212,1
0.2037,-0.8511,0
9.8354,11.3896,1
8.8981,8.5497,1
7.7677,-2.1917,2
-0.8724,2.6734,0
8.9904,10.2726,1
0.0165,-1.4017,0
0.34600000000000003,3.6583,0
13.6194,-1.0656,2
1.5730000000000002,-2.4662,0
7.4803,-0.9091,2
11.2148,10.0911,1
1.1346,0.1071,0
8.6238,0.3531,2
0.7277,-5.0664,0
6.2451,10.2266,1
9.7987,0.2169,2
11.3733,3.549,2
1.7875,-4.449,0
7.101,0.4799,2
9.6883,9.1036,1
0.2291,-0.4808,0
12.7019,11.4099,1
11.5826,10.6238,1
-0.0732,1.4984,0
11.5358,10.2463,1
9.2279,9.4479,1
2.2643,2.7064,0
8.6965,8.8657,1
10.089,-0.5564,2
13.4803,10.0818,1
7.9324,9.8638,1
12.244000000000002,10.392000000000001,1
1.2723,-1.3679,0
11.1806,9.8581,1
0.2698,-5.2204,0
9.3733,9.1822,1
12.3933,11.4475,1
6.7096,11.8603,1
12.8275,9.2719,1
0.0168,9.321,0
8.549,8.6301,1
0.4975,0.2344,0
0.6281,-3.3144,0
16.698,9.3435,1
9.8373,-2.7337,2
8.6821,9.8944,1
13.6244,10.0892,1
6.7911,8.9665,1
13.669,9.5635,1
9.31,10.3379,1
13.7353,8.2661,1
-0.2959,-2.1591,0
-1.0625,4.5685,0
0.4521,-0.8414,0
0.0357,2.2569999999999997,0
8.0868,10.0716,1
0.2448,-2.6223,0
11.5137,-0.4535,2
1.1411,-0.0887,0
10.8486,3.7933,2
-0.5585,0.5967,0
1.5152,0.5243,0
11.3599,0.7151,2
-0.5728,-0.067,0
-0.0344,-1.7997,0
-0.1831,0.9386,0
4.8238,9.0856,1
-0.899,-3.6487,0
9.7741,0.047,2
0.6743,-8.8256,0
9.9282,8.8922,1
-0.3534,-5.6081,0
12.1013,2.0249,2
9.9991,-1.8552,2
11.9683,0.2428,2
10.01,-0.2662,2
9.5652,2.1396,2
0.3528,-2.6295,0
11.7803,1.351,2
0.3653,-0.9063,0
9.044,0.1228,2
10.0331,10.9489,1
11.8179,1.4066,2
-0.7006,1.0711,0
0.16699999999999998,0.1515,0
7.6003,-0.3818,2
12.8809,10.6313,1
2.3018,2.2653,0
8.1364,9.5429,1
8.0432,11.7926,1
8.6402,10.8534,1
8.0469,9.532,1
-0.0936,1.8981,0
-0.4711,-3.6706,0
-1.0924,5.6143,0
8.3432,11.4716,1
11.7337,10.9669,1
10.7388,11.8947,1
5.9119,9.9161,1
-0.7009,1.4499,0
8.9524,4.1084,2
0.9102,1.5039,0
9.7903,10.8707,1
8.5406,9.9365,1
7.7462,9.9724,1
0.102,3.9142,0
11.21,8.8125,1
6.3929,-3.3528,2
8.5252,10.2474,1
10.19,10.1204,1
-0.1204,1.9953,0
10.9137,-0.2587,2
-0.0132,-8.4963,0
12.1509,10.0979,1
-2.3908,-5.2942,0
11.1835,8.4202,1
-0.3188,3.5966,0
-1.6078,-0.8014,0
-0.4824,-2.6172,0
9.8043,-0.2536,2
11.6613,9.8115,1
-0.1828,0.7982,0
1.8668,-1.2451,0
8.4066,9.3174,1
10.0807,-0.8301,2
2.6806,-6.0276,0
13.409,-1.2719,2
12.7897,-2.2969999999999997,2
10.3839,11.7996,1
0.7234,-0.8272,0
11.0504,-1.5445,2
11.2778,10.370999999999999,1
-1.2055,0.5726,0
8.87,9.7477,1
0.5614,4.2479,0
4.6642,9.4725,1
12.9484,11.247,1
9.9975,3.3761,2
0.9414,-4.3095,0
-0.1441,3.0753,0
0.1806,-2.8703,0
8.7716,9.0055,1
8.4651,10.4041,1
0.5237,1.05,0
0.2329,-7.1731,0
11.0199,9.2694,1
0.1675,0.4131,0
11.2594,-0.0282,2
10.4605,9.4315,1
10.2863,1.6344,2
-0.5147,1.2873,0
9.2677,1.5281,2
9.3782,9.5897,1
11.7775,2.7651,2
13.7735,9.359,1
10.2855,10.0573,1
0.7233,2.2334,0
10.9367,0.6611,2
10.5778,-2.1396,2
-2.0428,1.5742,0
10.2873,2.109,2
9.4002,0.034,2
9.0746,1.0326,2
7.9204,9.7001,1
8.01,9.7278,1
1.3413,-1.8058,0
9.5511,9.5036,1
9.1319,10.1791,1
-2.0142,2.5035,0
11.0602,0.6492,2
11.003,10.074,1
9.8562,2.1268,2
-0.1052,6.5181,0
9.1723,-1.8108,2
10.3286,9.849,1
0.3535,-4.4159,0
8.8057,11.1905,1
7.4772,9.2729,1
8.7791,2.2159999999999997,2
7.6026,1.5719,2
1.3321,-6.2039,0
7.9955,6.9956,1
7.5092,9.9586,1
6.0135,11.6908,1
8.9484,2.2159,2
9.7893,-2.7683,2
10.5178,-1.236,2
7.9515,2.4288,2
9.302999999999999,10.3342,1
-0.1583,1.0697,0
11.4152,9.3023,1
8.4361,3.3873,2
6.5177,9.3487,1
10.6423,10.7841,1
-1.5269,2.8464,0
10.6461,4.4323,2
12.9026,10.0861,1
8.672,-3.9748,2
14.4529,8.2064,1
8.1708,-0.4876,2
-1.8745,-4.0659,0
0.44799999999999995,-5.8707,0
-2.2569999999999997,1.8423,0
0.7732,6.7608,0
9.9104,1.3148,2
17.2324,7.9218,1
0.958,1.5464,0
11.0572,-1.9916,2
5.6727,1.7218,2
-0.0083,4.1342,0
9.2533,-1.1066,2
9.5144,9.8327,1
10.2743,-0.6977,2
9.8129,8.979,1
7.3469,-0.268,2
13.4546,10.1961,1
0.5401,1.2718,0
13.0826,11.0,1
8.6239,8.3155,1
1.1865,-3.9925,0
10.2686,-1.8042,2
13.7895,11.0381,1
7.7141,-0.1869,2
11.7457,-0.1918,2
0.3319,3.3486,0
9.1074,0.8776,2
10.9754,-1.5098,2
13.6083,11.5598,1
-0.8459,2.7348,0
6.841,7.903,1
13.4605,-1.9057,2
7.0297,10.3314,1
2.2396,2.4787,0
0.5077,6.597,0
7.83,-0.1575,2
14.2016,9.5166,1
9.6432,9.8021,1
11.9825,-4.8846,2
9.3862,10.6804,1
10.8358,9.2049,1
6.9021,-3.2928,2
12.0809,8.7645,1
10.3104,10.9661,1
-1.642,-0.0774,0
-0.055,5.1681,0
-2.019,-3.1171,0
0.0524,2.0246,0
-1.2015,-1.3376,0
0.5718,-0.8044,0
9.5373,8.7186,1
1.135,-0.7873,0
8.9155,9.3071,1
10.7719,-1.8317,2
10.6486,0.2223,2
6.837000000000001,10.1489,1
10.7244,0.4164,2
0.9533,0.5018,0
11.2438,0.9670000000000001,2
11.2558,-4.3052,2
8.9574,-2.5374,2
12.828,11.8283,1
-0.7579,0.6684,0
8.2074,10.8184,1
11.1001,11.3983,1
0.3435,-1.6219,0
9.6214,1.9734,2
10.033999999999999,10.327,1
6.0498,10.0496,1
11.6369,0.3349,2
8.9088,0.8546,2
-0.8796,5.3439,0
8.4891,-1.479,2
9.1218,9.6872,1
9.4641,-3.3160000000000003,2
0.6483,1.4274,0
12.8478,0.1922,2
9.5632,1.3639,2
8.5567,2.5758,2
0.1364,1.3715,0
0.2683,-1.33,0
8.5978,10.7868,1
-0.6354,-0.3858,0
-0.1544,3.1292,0
7.8659,9.2758,1
9.1889,10.5259,1
8.1858,9.4137,1
7.6516,-0.6364,2
7.3904,9.2494,1
10.5891,4.2049,2
8.4019,9.7336,1
0.2734,-3.8597,0
-0.8204,-1.8637,0
0.5805,0.1553,0
0.032,0.8259,0
0.129,1.2074,0
7.8146,-3.0377,2
1.3201,1.3980000000000001,0
13.0385,8.9423,1
7.9895,12.3165,1
11.8373,2.7035,2
12.1167,1.3811,2
12.171,-2.7709,2
9.1295,2.6148,2
9.4403,1.5345,2
12.1605,0.8112,2
1.3287,4.334,0
-1.409,-2.041,0
12.9173,1.1332,2
11.8809,10.4189,1
3.0585,12.1429,1
11.354000000000001,10.1922,1
-0.3758,0.6985,0
10.7417,5.3653,2
9.6885,1.1535,2
11.4979,0.4328,2
-0.8155,-2.8922,0
0.4568,3.4464,0
-1.227,-0.1591,0
7.8777,0.0886,2
7.9254,-4.2638,2
-0.2972,4.6824,0
9.7179,-0.7739,2
8.3202,5.6685,2
10.6287,-2.6725,2
-0.7878,0.746,0
11.4012,10.1021,1
9.8826,0.584,2
2.0538,5.9977,0
-1.1741,-0.7440000000000001,0
11.2622,11.3505,1
8.7262,-1.4428,2
10.1612,2.1611,2
11.4577,0.7449,2
9.4512,9.8828,1
17.2056,10.4379,1
12.8132,8.5274,1
0.2042,-1.0035,0
-0.2548,1.2087,0
-0.5334,-0.1329,0
9.2957,-1.6679,2
12.0497,-3.9498,2
-0.4724,-2.6263,0
13.2663,11.1644,1
-1.2778,3.8462,0
-1.4781,-2.3304,0
8.1154,11.1259,1
-0.7636,-0.2171,0
7.0792,-0.1394,2
8.1976,-0.7211,2
1.4598,7.6747,0
9.0118,-0.9528,2
-1.1985,-3.7775,0
8.3255,3.6498,2
0.1463,-4.0118,0
12.5171,8.7194,1
10.6271,3.8219,2
11.9999,8.9767,1
9.1685,0.0332,2
11.7938,1.0875,2
-0.1821,2.4876,0
-0.0854,3.9312,0
0.8692,3.4056,0
-1.8564,-2.6936,0
10.8008,-0.4899,2
10.7153,11.7803,1
11.254000000000001,0.0066,2
12.0082,9.3589,1
6.3326,9.0891,1
10.5593,0.8007,2
8.6468,10.0348,1
11.2264,8.7781,1
9.8177,3.6847,2
8.9307,0.4525,2
0.8457,4.4395,0
0.7939,0.9147,0
12.997,9.4502,1
12.1649,10.115,1
0.5097,-3.5465,0
10.4006,-1.2181,2
10.5914,-0.5024,2
1.3549,-1.7069999999999999,0
11.55,9.7257,1
11.2914,-2.2088,2
-1.3298,3.2733,0
15.5112,10.4888,1
9.2826,-1.3966,2
0.6428,-4.8172,0
7.9133,9.6669,1
8.541,0.5538,2
8.404,7.7563,1
8.9633,1.7259,2
-1.1205,3.2229,0
1.2555,0.1167,0
7.2038,10.7629,1
0.7328,1.0695,0
8.5839,0.8976,2
8.1327,0.1092,2
1.0338,-3.5299,0
-0.6968,-1.8275,0
7.4336,-4.0707,2
0.7704,-2.5609,0
13.3673,9.1243,1
10.2895,11.2313,1
11.1774,-1.3832,2
-0.2977,2.365,0
12.1404,10.2675,1
14.2546,-2.66,2
-1.0761,1.4047,0
9.5379,10.2279,1
7.7995,0.6632,2
8.8555,2.9662,2
12.7573,9.6184,1
10.8872,1.9776,2
9.2493,-0.9128,2
10.7319,7.832000000000001,1
13.6976,10.4415,1
-0.599,-2.4569,0
-0.5424,-6.0447,0
8.4683,-0.7524,2
7.5994,2.1968,2
9.1982,0.1613,2
1.6046,-0.8931,0
13.9622,9.5189,1
-0.4611,-0.2533,0
13.5488,10.2385,1
8.0716,-0.9972,2
-2.8047,4.0947,0
11.0115,-3.1041,2
-0.1734,-0.7491,0
-1.8432,2.8128,0
8.1761,10.7716,1
13.68,9.1954,1
-0.1855,1.1756,0
10.145,-1.5929,2
-0.9596,-0.9991,0
0.1846,-3.263,0
6.6299,-4.6053,2
12.9531,11.1101,1
-0.1602,1.9069999999999998,0
7.8918,-0.3507,2
0.8192,3.6147,0
10.5586,-2.8499,2
5.5638,1.5428,2
-0.3244,-2.1131,0
8.9643,-4.0022,2
5.7433,10.3262,1
13.4476,11.2402,1
-0.5555,2.3252,0
0.792,1.7431,0
10.335,9.1286,1
-2.0365,2.4916,0
9.8363,10.3032,1
0.7088,-5.5521,0
0.6403,0.2777,0
8.1193,9.0645,1
9.8097,10.5738,1
9.6001,11.8036,1
11.2442,0.6064,2
9.9221,2.5989999999999998,2
0.0808,5.6108,0
-0.4892,-3.4284,0
10.5454,0.7953,2
9.1488,-0.6259,2
12.7879,-0.8611,2
10.0427,11.0282,1
-1.5312,1.2044,0
9.3669,-1.8994,2
-0.28800000000000003,3.1132,0
6.9617,10.0726,1
11.3354,-4.9702,2
11.0883,10.7669,1
-0.3053,-0.2963,0
8.0714,9.8537,1
11.3394,0.943,2
16.3109,9.7937,1
6.5517,10.1173,1
11.725999999999999,-1.8073,2
6.9632,-0.8461,2
0.4196,0.3134,0
0.6944,-0.9257,0
9.766,-2.9279,2
13.3458,3.3258,2
7.6885,1.0465,2
10.7956,-2.293,2
10.061,10.2303,1
-0.2544,-7.2143,0
12.927,9.395,1
9.4854,1.7843,2
0.1591,-3.5082,0
9.8625,11.2808,1
9.037,-2.4617,2
10.9379,-1.1758,2
-0.0874,4.1835,0
12.1582,1.1286,2
1.6639,4.3718,0
13.2627,9.1613,1
13.0904,0.5284,2
13.0843,9.3877,1
0.5257,-2.9134,0
10.9112,-1.7308,2
8.8132,0.2634,2
11.4315,10.2426,1
8.8601,9.8104,1
9.0699,-0.2991,2
1.433,4.7546,0
14.790999999999999,11.2389,1
8.181000000000001,-1.4943,2
7.3726,3.3222,2
8.5947,3.4085,2
14.126,11.0124,1
8.6245,10.9018,1
0.3915,2.2433,0
9.8956,-1.6803,2
-0.9742,-1.8979,0
-0.6208,-1.1964,0
9.5286,2.8695,2
10.4583,-0.7463,2
0.2963,5.8239,0
11.2614,9.4334,1
16.7288,9.1779,1
0.047,1.1194,0
8.3694,-0.5143,2
-0.0918,-0.4677,0
14.1987,9.8539,1
-2.2322,2.3584,0
7.752000000000001,-2.6231,2
12.738,-1.2447,2
13.9106,11.677999999999999,1
-1.9736,2.4011,0
8.6037,9.3969,1
10.8872,8.5186,1
12.3779,9.9969,1
-1.2519,-1.9198,0
12.9846,0.9741,2
10.3744,0.9955,2
10.8036,8.475,1
9.951,-0.7517,2
10.5654,12.0018,1
3.0254,10.1526,1
-0.0158,0.8548,0
13.9327,0.7112,2
0.8109999999999999,6.9958,0
12.5632,-0.5512,2
11.7163,10.0331,1
12.7772,10.5756,1
10.3041,8.94,1
0.9251,1.4125,0
7.6276,-0.5666,2
10.4229,-1.2018,2
10.3245,11.8369,1
9.2919,3.2402,2
-0.696,1.7558,0
0.1345,1.2611,0
10.7279,0.6805,2
11.1474,0.5651,2
6.3147,10.8581,1
10.3588,-1.6315,2
10.6586,0.2085,2
13.8931,7.8011,1
7.5779,9.296,1
0.526,1.839,0
0.3006,3.4942,0
9.8574,10.2053,1
11.3727,9.0777,1
10.4483,2.0863,2
10.1111,9.2676,1
10.6785,1.1885,2
14.1093,9.6485,1
9.7457,10.0634,1
-0.366,-2.9454,0
6.8694,11.3083,1
4.8904,10.0611,1
0.24100000000000002,0.3946,0
-0.3465,-2.3468,0
0.6601,-2.226,0
10.7964,-1.3693,2
14.4676,7.9226,1
9.597999999999999,10.6461,1
10.4436,9.71,1
12.5921,1.3728,2
10.7741,3.6273,2
1.0879,2.6891,0
-0.6661,1.2674,0
16.0564,8.4322,1
14.2666,10.0151,1
9.9243,10.094,1
10.447000000000001,10.7944,1
-0.1862,-1.063,0
9.4253,9.8201,1
1.041,-5.37,0
8.7813,-2.5980000000000003,2
7.4174,10.2015,1
14.8897,9.5046,1
9.9712,9.9187,1
9.0879,-2.9028,2
15.369000000000002,-1.239,2
-1.9247,-0.8575,0
9.8263,10.055,1
9.9834,-0.3017,2
-1.6985,-3.0597,0
-0.8857,-1.4479,0
7.7055,1.4333,2
12.4001,1.2224,2
9.0214,11.8618,1
9.277000000000001,9.9616,1
-1.5263,3.7895,0
6.8055,-0.7667,2
11.0804,0.7197,2
0.1676,7.7826,0
9.8256,12.079,1
8.9078,-1.1623,2
16.0253,9.2166,1
5.7696,11.3381,1
8.7731,1.9169999999999998,2
12.5547,2.6546,2
0.9633,-1.7624,0
11.0348,-0.0372,2
7.4741,9.3896,1
13.6141,0.7909999999999999,2
1.9025,0.96,0
8.5041,9.8312,1
9.1746,10.3926,1
9.7766,9.884,1
10.4174,11.4088,1
-0.3358,11.5789,1
0.6622,-2.0585,0
6.9986,10.7688,1
-0.431,2.88,0
9.353,0.1259,2
14.6328,9.9192,1
5.9910000000000005,10.4021,1
0.1277,-2.2451,0
11.7633,9.2624,1
8.4207,-1.3521,2
11.4075,-1.4371,2
12.3741,1.1161,2
14.9366,9.9452,1
5.9423,8.6285,1
10.4427,-0.7772,2
-0.7937,0.4388,0
8.4446,-1.2027,2
-0.4775,2.6629,0
8.9626,8.2202,1
13.3516,3.2858,2
0.1811,0.218,0
11.1048,3.0293,2
8.652999999999999,4.352,2
5.3459,9.0922,1
-0.2077,-1.0543,0
10.2681,8.5774,1
12.5984,9.6508,1
3.5157,11.8799,1
8.491,-3.7486,2
8.3904,-1.6204,2
0.0636,5.3824,0
8.8264,10.5398,1
10.4578,-0.0872,2
12.6983,-0.9869,2
10.6217,9.2624,1
11.0949,-1.7057,2
9.45,0.8139,2
9.3536,11.7383,1
10.6137,3.3834,2
8.847000000000001,9.2778,1
-1.2783,-2.4301,0
10.5855,1.1257,2
10.8974,0.3979,2
2.3064,-0.8365,0
11.5743,-2.4107,2
-2.0891,1.8989,0
0.821,2.4406,0
-1.0964,6.4559,0
10.1865,0.2011,2
11.9334,9.3493,1
7.6751,8.8358,1
11.9699,9.7155,1
11.45,-0.8093,2
8.7884,9.552999999999999,1
13.8902,10.8517,1
-2.3412,5.3513,0
0.0232,4.2259,0
12.9745,2.9461,2
0.0776,2.5192,0
12.9118,8.9445,1
8.0028,0.125,2
12.9203,9.3163,1
9.2784,3.14,2
4.8909,10.1573,1
13.918,9.8357,1
10.7332,1.8032,2
-0.071,2.2862,0
-0.4565,2.0996,0
11.7645,10.0045,1
12.6149,10.3132,1
11.0727,-1.6071,2
-0.5895,-1.554,0
11.8375,10.1443,1
-0.6948,0.5688,0
10.4202,2.5146,2
5.0024,11.6496,1
12.6148,-1.6856,2
11.769,-0.2995,2
10.2288,1.3608,2
0.0231,0.1086,0
0.1024,-8.831,0
0.61,-1.9972,0
9.8088,-5.7705,2
-0.7064,-0.0233,0
11.8892,8.4995,1
9.2339,3.0081,2
9.1889,-1.5066,2
9.0281,11.3302,1
-1.1539,-2.5019,0
7.5903,-0.318,2
10.6263,-0.348,2
9.1999,10.6929,1
10.5138,-0.1622,2
-0.5836,1.4572,0
7.3136,-2.1152,2
13.138,11.4112,1
7.5788,0.8786,2
12.4716,9.8913,1
-1.1052,2.064,0
11.0604,2.7182,2
0.6798,-0.1199,0
0.5907,1.6986,0
8.395,-0.7239,2
9.4863,-0.7734,2
12.6629,0.187,2
8.6106,0.3473,2
11.3253,10.6404,1
5.9698,8.5986,1
-1.1878,-3.9374,0
1.5837,0.5627,0
0.1967,4.0316,0
0.8271,-2.4204,0
9.0347,0.8884,2
10.5073,0.1657,2
6.6056,10.9473,1
10.9187,-2.3668,2
9.4533,-0.8233,2
0.2988,3.7186,0
5.9028,8.751,1
10.2453,9.3518,1
-1.2327,6.5093,0
-0.4916,-2.2854,0
9.1975,9.5287,1
12.6632,-1.4404,2
-0.5886,1.8166,0
10.8523,10.7488,1
10.2835,10.4282,1
12.9223,-1.6337,2
-1.854,-0.2045,0
0.2713,-1.2262,0
9.0211,-1.2044,2
9.2234,0.3214,2
-1.9934,-0.3635,0
5.1617,9.5322,1
9.7642,0.158,2
6.2235,0.8528,2
0.9704,-3.2657,0
5.48,10.7843,1
2.1486,1.8625,0
9.1105,0.7952,2
10.4495,10.7149,1
-0.9495,0.873,0
9.7378,9.9614,1
4.9791,11.4985,1
12.4438,-3.1034,2
9.4529,1.8880000000000001,2
-0.2412,-1.7466,0
9.024,-1.7609,2
10.4889,3.2828,2
11.0419,8.7103,1
11.5038,0.894,2
11.0999,10.5008,1
6.9911,0.1845,2
12.075999999999999,9.7983,1
7.0685,-1.5011,2
-0.9842,1.1342,0
14.3557,10.3126,1
12.5214,-1.7582,2
0.0865,-0.1316,0
11.8052,1.0259,2
8.6657,0.7669,2
0.1656,1.2914,0
7.0727,0.7242,2
8.6977,3.2793,2
-0.3083,0.8882,0
9.9656,-0.3887,2
6.3308,10.7999,1
1.0957,0.3991,0
-0.3793,2.3023,0
8.0864,-1.8391,2
7.4886,9.0121,1
0.0738,-2.2916,0
-0.057,6.0101,0
10.5526,2.1115,2
12.2005,8.8843,1
9.0053,7.6812,1
9.1165,0.2836,2
10.0951,9.5734,1
9.2185,-3.0232,2
3.6342,9.0469,1
7.9314,9.0908,1
2.0067,9.7542,1
10.9077,9.9105,1
1.0426,-1.9613,0
-0.3323,-3.937,0
0.031,-2.4129,0
8.7068,0.2038,2
10.5035,1.4902,2
-0.4057,-4.4316,0
0.0979,0.8152,0
-0.3991,2.1632,0
-0.8674,-1.1657,0
8.7598,-2.4183,2
0.943,-1.6321,0
0.2336,2.6537,0
11.2647,0.9396,2
11.1017,0.4847,2
-1.9216,-2.7654,0
9.1713,11.2176,1
0.6958,-4.246,0
0.0807,1.4852,0
12.5202,-0.7841,2
0.7098,-0.7471,0
5.1819,9.9648,1
-0.7834,-3.2375,0
7.364,9.8098,1
-2.0801,-4.3026,0
10.9123,0.6314,2
-0.8565,0.2914,0
8.3188,9.8842,1
0.1266,1.7987,0
10.9539,-2.0431,2
0.409,-0.7322,0
0.5135,0.9106,0
8.6825,9.6067,1
7.8842,-0.3914,2
9.2018,11.207,1
-0.7948,-3.6198,0
7.2762,-0.2507,2
9.9039,-2.1775,2
4.7611,10.3196,1
7.6824,-3.5423,2
11.0785,0.9581,2
0.8422,1.1096,0
10.1524,10.3544,1
7.7725,-1.5306,2
7.5963,-3.5464,2
5.1887,11.1262,1
11.6885,-0.9885,2
9.9981,1.2957,2
11.6426,0.3326,2
-0.1452,0.3729,0
8.5456,0.7201,2
-0.6255,0.2078,0
-2.4992,0.0902,0
15.9612,11.3802,1
-1.2653,-4.0519,0
-0.3283,2.1724,0
0.9882,-4.6579,0
-0.3786,-0.4562,0
10.7403,-1.5477,2
-0.6664,-0.8487,0
7.9366,9.7973,1
-0.7225,-0.7222,0
11.6266,9.799,1
-0.9420000000000001,-6.1334,0
14.435,8.833,1
0.8913,0.0223,0
8.8584,-4.816,2
-0.3209,-1.9434,0
-0.3804,-1.1567,0
1.5926,-2.2064,0
4.9949,10.3167,1
-0.4873,6.1257,0
11.8955,-0.2972,2
5.3749,8.1008,1
-1.4817,2.7147,0
7.5829,0.5271,2
5.8359,8.3036,1
8.8624,-0.5294,2
0.0561,-2.1578,0
13.1847,-0.4684,2
9.405,10.9128,1
9.9202,1.4941,2
9.3597,-0.4858,2
9.5545,0.5668,2
8.3026,10.6728,1
18.2993,9.797,1
13.2082,9.6699,1
1.1427,0.3796,0
11.1581,-1.7913,2
-0.0869,0.2481,0
13.8985,9.8641,1
9.62,10.2193,1
16.4629,8.3602,1
-1.0915,-4.4866,0
1.2918,2.3485,0
8.9993,0.6766,2
1.2766,10.7433,1
11.8356,1.0395,2
1.0704,-5.2562,0
11.9559,9.5693,1
8.6017,10.3627,1
-0.23800000000000002,2.5584,0
15.6247,10.3663,1
9.7173,9.5467,1
-1.4127,7.7163,0
10.4779,-0.7206,2
-0.6573,-0.5714,0
10.2191,-2.3888,2
14.6289,10.201,1
10.8745,3.1522,2
0.7681,0.0117,0
12.0102,-0.4457,2
7.8363,10.7578,1
2.9189999999999996,0.4746,0
10.5524,1.8522,2
0.5675,-1.1325,0
12.3055,-1.3875,2
-0.9834,4.1028,0
10.5333,-2.2239,2
9.8517,2.5299,2
2.5294,10.503,1
9.0745,10.9428,1
9.4235,1.7156,2
-0.7877,-5.0432,0
6.3189,10.8164,1
10.2838,1.5513,2
-1.4484,-3.5194,0
8.2601,-1.0447,2
11.8037,-2.3781,2
9.6523,3.5851,2
-0.7943,0.0363,0
11.3039,-0.23199999999999998,2
-0.3192,2.1496,0
6.5828,9.3515,1
8.8781,8.9667,1
16.7187,10.697000000000001,1
12.3894,8.89,1
9.4859,0.0991,2
2.4593,2.4151,0
-0.1264,1.4673,0
11.9118,9.2522,1
11.3169,9.0163,1
6.9566,8.3993,1
10.7811,0.8667,2
10.9696,11.3818,1
4.897,-0.11900000000000001,2
10.1048,10.1168,1
10.1396,-0.3269,2
0.9056,-4.5656,0
9.4082,9.6765,1
-1.5132,2.5674,0
11.3025,-0.1677,2
11.4936,2.1732,2
1.4949,0.1266,0
-0.1384,2.9742,0
10.1799,-0.9353,2
9.915,4.5612,2
9.1877,8.3246,1
12.2565,8.6079,1
13.5897,-2.2331,2
8.2925,9.5294,1
8.9133,2.6102,2
1.1951,-0.2607,0
8.2945,9.7023,1
11.8858,9.9494,1
-2.1793,-1.8617,0
0.8514,-0.0039,0
-0.3515,-2.5318,0
-1.7202,-4.6767,0
-0.6022,0.5519,0
-0.4465,3.3339,0
-1.2509,0.8275,0
10.6576,1.8382,2
8.9248,-0.9233,2
10.8103,2.4785,2
0.1283,-3.4160000000000004,0
0.3454,0.0918,0
5.8028,8.9989,1
7.4975,10.119,1
9.1761,12.1883,1
0.2874,-0.9499,0
-0.1076,-3.3151,0
10.7249,-3.0455,2
10.2505,10.8963,1
6.6771,10.2666,1
-1.1819,-2.1288,0
8.1612,10.3888,1
10.206,-1.6319,2
10.0619,-4.3198,2
-0.0386,-0.3494,0
11.9721,1.9623,2
11.8633,8.4678,1
1.1157,-3.1438,0
9.4073,-1.2478,2
7.7525,3.7601,2
10.1066,8.6995,1
12.2094,-3.5883,2
11.7572,-0.5459,2
-1.3225,-0.9832,0
0.4959,-1.0635,0
10.0081,1.2421,2
7.7955,8.7076,1
7.6672,8.8079,1
0.6642,-1.8578,0
9.8355,8.1144,1
13.7944,4.244,2
11.8564,10.1426,1
1.0806,-2.1778,0
9.9552,0.7546,2
11.225,0.1255,2
0.6168,-1.6188,0
8.1913,9.921,1
6.8389999999999995,0.4369,2
8.4378,2.2475,2
1.1332,-0.1976,0
0.0343,-1.167,0
6.1782,8.8072,1
10.9465,-1.5677,2
15.7069,10.5266,1
10.7772,4.1404,2
6.4537,3.0425,2
10.2794,9.4153,1
13.175999999999998,-0.1805,2
0.4065,0.9105,0
10.1449,7.6976,1
1.4826,-1.2266,0
9.9568,-0.2821,2
0.3609,2.5638,0
8.7917,0.7945,2
10.2998,1.989,2
6.5898,9.5607,1
12.3214,3.0787,2
10.8283,11.4332,1
10.0229,-1.2298,2
10.4515,0.2859,2
8.1682,11.8916,1
-1.6137,1.7466,0
9.7218,-3.1864,2
1.7087,2.2365,0
-0.8081,-5.8748,0
7.8539,10.2659,1
10.6486,3.2835,2
9.1086,10.3877,1
7.5881,10.8523,1
11.1824,-2.8915,2
1.2009999999999998,0.9079999999999999,0
9.4163,0.2157,2
12.2187,10.1669,1
10.547,9.66,1
0.2765,-5.0292,0
0.2163,3.0389,0
11.3546,2.6799,2
9.5766,10.9142,1
-0.4395,2.0662,0
12.6183,-1.6134,2
8.4856,1.882,2
-1.1019,-1.6909999999999998,0
1.5590000000000002,-5.9582,0
9.8049,-1.6578,2
8.9255,-4.1256,2
10.2385,4.0927,2
0.146,2.5561,0
-1.9165,0.3186,0
8.2556,3.0558,2
9.5535,10.0196,1
15.1372,10.2243,1
9.238,10.8745,1
3.0464,9.1648,1
8.2909,1.7261,2
12.3618,0.8375,2
1.2,-1.544,0
11.1393,0.6926,2
0.0422,2.3375,0
11.0668,-2.24,2
10.3938,8.5429,1
10.3068,-0.1897,2
11.7508,10.8528,1
9.5166,1.3438,2
8.176,-0.5959,2
10.4966,4.9138,2
0.7011,2.7814,0
8.0269,-0.7384,2
10.8266,7.9047,1
9.4691,11.045,1
9.4872,8.2816,1
12.2574,8.112,1
5.1598,10.2532,1
10.2235,-2.7303,2
11.2263,-1.8583,2
2.0501,-1.054,0
10.5634,11.0103,1
0.5188,-3.6556,0
0.4339,-2.112,0
0.1215,-5.4371,0
9.9608,1.1328,2
12.9232,10.8397,1
-1.8719999999999999,-3.3921,0
6.6545,8.1029,1
0.7382,-0.5245,0
0.5314,0.6019,0
4.7173,11.7077,1
9.256,-0.5179,2
10.5027,9.5438,1
6.3955,9.5056,1
14.3392,12.5807,1
-0.7290000000000001,-0.6666,0
13.9428,10.6844,1
9.9769,-3.1379,2
13.4048,-2.1083,2
11.4872,-5.21,2
8.3917,11.1793,1
10.3442,-2.872,2
11.6752,8.7505,1
10.0255,-3.4824,2
10.0205,4.0329,2
11.3603,0.6535,2
0.8618,-4.0204,0
8.1824,9.4614,1
8.792,9.7727,1
-0.7154,0.4029,0
0.3537,0.2847,0
11.3994,-1.2795,2
10.7841,1.7026,2
3.9199,10.5248,1
0.1486,4.14,0
8.4583,0.9969,2
8.6862,1.3619,2
12.6035,0.9991,2
12.492,-1.314,2
9.1644,0.7123,2
10.2141,11.1519,1
12.9906,10.2664,1
0.1639,-5.3404,0
10.0517,10.0813,1
9.5839,1.5149,2
2.1616,-4.2367,0
9.846,1.155,2
-0.9452,-1.5905,0
0.6334,-8.5342,0
8.5121,-0.9312,2
10.4157,-0.1306,2
13.5941,9.9008,1
12.1391,11.9926,1
6.9724,11.0537,1
5.0685,10.3821,1
9.3082,-1.4609999999999999,2
9.7009,0.0771,2
9.6225,-1.7646,2
10.8212,10.1186,1
0.2945,-2.5611,0
10.9867,-1.1924,2
-0.3313,-0.3342,0
-0.5185,2.4629,0
9.2926,10.0049,1
9.2383,11.6898,1
11.6669,-2.9019,2
10.8254,0.5252,2
11.2894,8.7082,1
-0.5191,2.1777,0
7.2795,1.271,2
13.0017,8.2649,1
8.5759,9.3131,1
8.5293,-0.0742,2
12.4799,8.7112,1
8.5894,11.2278,1
11.8864,-0.7065,2
6.1308,11.0799,1
10.8241,9.4691,1
11.7185,9.5145,1
0.602,0.4478,0
10.8224,-1.2257,2
1.2865,-4.3632,0
10.2176,8.6594,1
0.1873,2.6497,0
1.5734,2.9108,0
0.2122,0.4353,0
10.1905,0.799,2
11.3803,8.613,1
1.0454,2.5639999999999996,0
10.8101,-0.4884,2
10.3679,-0.1383,2
13.3167,8.8359,1
9.4653,-0.4584,2
9.0254,-3.8599,2
12.4304,9.3387,1
-0.8126,-4.5363,0
2.2251,-2.037,0
0.2543,-2.2463,0
9.8759,8.5804,1
10.279000000000002,-1.8011,2
11.8353,11.1917,1
12.2631,-0.5074,2
1.2048,3.6657,0
10.0088,9.463,1
0.7761,-1.6901,0
12.515999999999998,3.2199,2
0.4482,-2.4097,0
0.9965,-3.7796,0
10.6511,9.1864,1
-0.0341,3.0625,0
8.4339,1.1836,2
-1.2714,0.8829,0
7.7309,2.2854,2
9.5151,1.4622,2
10.6349,2.0199,2
-0.2332,0.7175,0
8.915,-0.6264,2
-1.3261,-5.5514,0
-0.8825,0.1421,0
-0.6507,-0.5348,0
10.4227,2.5592,2
10.5624,-2.5199,2
12.8833,10.6563,1
0.4172,2.1902,0
11.0285,10.5694,1
11.6101,1.6735,2
-0.9143,1.5721,0
1.2447,5.3484,0
1.5343,-4.12,0
-0.4237,-3.4539999999999997,0
10.6329,10.3214,1
14.9563,8.8824,1
13.0285,0.5071,2
10.4267,2.7263,2
8.4543,-1.6459,2
9.9066,-2.4133,2
8.4839,-1.2754,2
0.6415,4.2631,0
10.6262,0.4765,2
7.8048,-0.9440000000000001,2
10.9309,-1.7406,2
13.0027,10.0309,1
5.0527,9.1269,1
11.2443,-2.2497,2
-0.8208,5.2497,0
9.0349,0.4117,2
11.9531,10.4067,1
-1.6746,3.071,0
11.1968,11.4243,1
11.0392,9.0887,1
12.5079,8.1871,1
-1.0992,3.8972,0
8.8951,-0.6704,2
10.5545,11.6285,1
14.8825,9.1534,1
10.2617,8.7694,1
5.468999999999999,10.4166,1
7.2829999999999995,11.2127,1
8.9841,1.464,2
9.9501,-2.3073,2
12.642000000000001,9.3079,1
10.204,9.7404,1
8.2571,10.1239,1
9.2233,8.4585,1
7.0087,12.030999999999999,1
5.272,11.0798,1
10.4492,-1.6517,2
11.4502,5.6137,2
12.2446,10.5054,1
-0.6784,2.8524,0
7.0697,0.7606,2
10.9514,10.3097,1
6.5723,-0.0529,2
10.775,10.3587,1
11.0456,0.6796,2
14.0555,10.3127,1
10.4512,10.0562,1
12.4168,-3.1781,2
12.8803,9.5378,1
1.1744,-2.3764,0
7.6535,10.109,1
9.7144,0.6705,2
-0.3972,0.6889,0
12.137,10.1156,1
-0.4853,2.6987,0
1.9896,-0.1627,0
-1.148,-4.2456,0
1.1845,-2.6716,0
10.4711,0.1225,2
0.3097,1.9966,0
9.315,-0.4258,2
11.985,2.477,2
9.7458,10.9137,1
11.694,-1.8826,2
0.6288,2.3551,0
5.782,-0.2342,2
-0.3261,5.869,0
13.2162,11.795,1
10.4988,10.9715,1
8.79,-0.9443,2
0.5252,-0.02,0
8.9407,1.6789,2
1.1977,0.5353,0
10.374,-2.0883,2
11.4822,9.226,1
11.9376,11.9257,1
8.2181,7.6972,1
14.3749,10.8201,1
5.311,9.2837,1
3.1412,9.8671,1
9.9421,-1.876,2
-0.47600000000000003,-0.6842,0
1.7732,-0.9895,0
-0.0704,0.076,0
10.8888,-0.5708,2
14.0398,9.2383,1
11.5509,-0.5533,2
1.2183,1.8746,0
11.2747,11.2802,1
5.3638,10.802999999999999,1
0.8449,5.0512,0
9.3574,9.9819,1
11.0032,9.9194,1
15.2663,8.93,1
-0.6335,-0.0156,0
9.8035,9.0855,1
8.1135,-3.9143,2
0.3792,-1.2201,0
9.7339,9.4303,1
10.3642,4.0192,2
0.8497,-0.6167,0
10.4407,-1.861,2
0.7708,2.3976,0
-0.6841,-0.8086,0
11.4151,-0.6999,2
0.1976,-7.5578,0
7.5131,9.0734,1
-1.6647,-1.6461,0
8.7219,-3.7624,2
11.8896,-0.3295,2
6.8938,-1.8961,2
10.0159,9.4165,1
-1.5947,-6.6001,0
-3.2433,0.6396,0
-1.3001,-0.4658,0
0.5069,2.5774,0
-1.0962,0.0626,0
10.4509,0.7349,2
6.6799,9.5074,1
12.5215,9.8809,1
12.1402,10.3152,1
10.696,-1.5265,2
1.1994,-1.6711,0
8.8332,-1.2936,2
12.9345,1.7895,2
2.378,-3.0296,0
-0.0605,6.8768,0
15.4236,9.5728,1
10.4749,11.9679,1
1.8826,-3.1874,0
8.4725,10.472000000000001,1
8.8166,-0.1643,2
9.8021,-0.66,2
-2.0026,-2.8689,0
9.8313,1.5391,2
14.1517,12.4829,1
7.7206,0.4106,2
-0.4082,1.0174,0
10.4908,8.7856,1
11.6289,11.015999999999998,1
-0.2837,3.8556,0
11.2091,7.5669,1
10.0174,2.3408,2
12.1282,10.2129,1
12.9829,9.9036,1
9.1517,2.0844,2
11.6813,9.884,1
0.0537,6.0993,0
0.5985,-1.0473,0
9.9465,1.0222,2
0.8169,-4.8499,0
6.2888,7.8523,1
6.8012,10.8414,1
12.4114,9.1375,1
12.2393,-0.8081,2
5.4553,11.6459,1
0.794,5.2047,0
6.195,8.8983,1
1.8413,2.2345,0
0.3787,-2.9677,0
0.6785,-1.7027,0
-0.9391,1.8526,0
-0.6513,0.2372,0
6.0018,11.1102,1
8.2156,4.8552,2
13.0753,-1.2899,2
9.7857,-0.4386,2
7.9938,9.9716,1
-1.0991,1.9595,0
7.9609,1.0912,2
0.5886,-0.3669,0
9.6484,12.2467,1
11.5392,9.9215,1
12.3135,-1.175,2
-0.1287,3.2374,0
9.9479,10.2705,1
-1.3126,-0.3257,0
12.7264,0.1506,2
5.6875,1.8444,2
11.4669,9.1778,1
0.3351,3.0112,0
10.8585,2.0551,2
-1.7148,2.021,0
7.3727,9.7006,1
11.488,0.2535,2
11.9323,2.6459,2
-0.8936,-1.8759,0
10.2002,0.3379,2
13.1568,11.23,1
9.9469,2.3643,2
-0.1799,-4.9186,0
8.7297,0.508,2
0.6185,-4.0617,0
8.2977,-0.4863,2
13.7048,8.1718,1
5.7708,2.6564,2
9.5044,8.3252,1
13.8986,9.7927,1
5.4584,3.0055,2
-0.3075,-3.3464,0
14.6545,8.7237,1
8.1906,-1.2587,2
9.5823,8.2254,1
0.6612,0.7084,0
10.8383,10.2917,1
11.5853,1.6928,2
-0.08800000000000001,2.3183,0
-1.1713,-3.1814,0
11.4783,9.781,1
11.7114,10.1052,1
10.5206,0.7207,2
10.2478,-1.6669999999999998,2
9.6404,3.083,2
5.231,9.2078,1
0.3278,0.5374,0
0.6365,-3.147,0
14.3088,10.8275,1
0.3844,0.3485,0
11.1195,1.4744,2
12.5679,-1.2159,2
1.3788,1.5658,0
-0.6557,3.0617,0
-0.0576,-0.8934,0
14.1066,11.2266,1
-0.1007,-0.0841,0
6.0313,9.0889,1
9.3642,1.3867,2
8.1714,-1.261,2
12.357999999999999,8.1268,1
1.6584,-0.2776,0
9.4324,11.3053,1
4.2541,9.2811,1
1.7122,-0.8306,0
5.3878,10.9849,1
8.5469,2.4138,2
1.1267,-3.2827,0
9.6553,10.2385,1
4.0702,10.9473,1
9.4591,2.9634,2
9.6198,1.4851,2
0.2905,6.0793,0
-0.5057,0.0021,0
9.595,11.6701,1
7.6791,10.6379,1
0.0606,-0.1549,0
15.5853,9.5809,1
8.588,-1.125,2
8.3765,0.4527,2
-0.3786,2.0948,0
8.6747,1.465,2
7.8169,-3.9112,2
-1.8167,2.3302,0
11.5625,0.5202,2
8.5829,9.3438,1
9.5709,10.2338,1
11.4866,1.3065,2
10.408,0.1017,2
11.9855,2.2739,2
11.1603,10.1415,1
7.7209,9.4855,1
10.3675,-0.2625,2
5.6266,12.3223,1
6.3062,10.0991,1
9.5111,0.3933,2
10.1241,-2.1702,2
6.3574,9.1462,1
1.0691,-2.5968,0
0.5974,-0.0641,0
8.5256,-2.3207,2
0.83,-1.4666,0
13.216,10.1417,1
1.209,-0.4561,0
11.588,10.949000000000002,1
9.1421,0.3106,2
8.5526,9.27,1
-1.2984,-8.2966,0
9.7907,10.8859,1
0.2508,-1.0538,0
13.2022,7.4212,1
7.0747,9.498,1
6.527,8.5818,1
8.8404,8.7539,1
-0.5135,0.5334,0
10.7885,9.1991,1
0.8202,4.6126,0
-0.5139,1.216,0
13.493,10.0746,1
-1.1133,-2.8139,0
-0.2083,-2.7845,0
0.1212,-1.9667,0
-0.6671,-0.2752,0
0.2544,-3.5817,0
1.7280000000000002,0.1387,0
9.9515,-0.8152,2
11.8885,10.8343,1
-0.4341,3.0754,0
7.2913,-3.7821,2
-0.5816,0.4314,0
10.3722,-1.1295,2
-1.5044,-3.076,0
-0.4337,1.7788,0
13.5145,11.5938,1
10.3641,9.4875,1
10.0072,-0.9765,2
-0.5617,4.5796,0
-0.6852,4.3046,0
10.0333,8.7858,1
1.0779,4.0417,0
-0.0905,-5.1347,0
-1.1465,-1.7034,0
8.6838,10.0666,1
11.3408,10.6571,1
10.2413,-1.2496,2
8.8269,0.9724,2
9.9313,0.4442,2
-0.9670000000000001,0.6839,0
8.8714,9.6303,1
10.2787,9.3277,1
10.639000000000001,10.1301,1
5.4849,8.6362,1
10.9984,0.4756,2
0.4959,-7.9947,0
-1.0175,4.4343,0
0.9881,3.3531,0
9.9741,6.8123,1
9.1406,0.3258,2
9.8663,-0.7034,2
11.1199,1.902,2
0.2027,-3.2607,0
-1.9834,6.2448,0
11.1409,10.5495,1
-1.11,-0.051,0
7.7147,10.2516,1
-0.7894,3.3945,0
12.6809,10.6836,1
0.2168,4.0416,0
7.7298,11.1468,1
9.4043,9.6579,1
-2.2764,0.4814,0
6.9535,10.8977,1
14.3386,10.1991,1
0.2898,-3.6539,0
-0.6301,0.0283,0
11.1699,-4.8752,2
10.0995,9.8875,1
13.1235,10.862,1
0.9137,2.251,0
0.4423,-2.6882,0
6.7111,10.2243,1
-1.1271,-1.22,0
14.2177,-0.6013,2
5.1335,-1.5914,2
0.7208,3.2548,0
1.8419,-1.6449,0
14.9894,9.2643,1
1.7843,-1.2915,0
-1.8365,-0.731,0
0.8221,2.5932,0
-0.2554,1.9797,0
0.4603,2.5468,0
13.7191,9.0667,1
1.2962,-4.0821,0
-1.3498,-2.0697,0
15.7037,9.731,1
9.7841,10.9213,1
5.3775,9.878,1
11.395,10.8197,1
10.7069,0.1809,2
13.5187,8.7898,1
1.2556,-4.4462,0
8.8321,2.9507,2
8.9531,2.0055,2
1.8344,-0.0575,0
10.6999,-2.4426,2
1.2538,4.5145,0
11.1897,0.3217,2
14.3664,8.8667,1
-0.1411,-2.0928,0
10.2757,-2.5356,2
11.207,1.8559999999999999,2
7.7251,7.7065,1
10.3717,10.0732,1
-0.3943,-0.2269,0
7.4182,10.4331,1
6.7229,11.5098,1
-0.4652,1.5942,0
7.4507,9.9866,1
9.6631,10.6227,1
-0.4564,0.8759999999999999,0
6.2017,10.0521,1
2.6419,0.9294,0
-0.8340000000000001,-4.5263,0
8.0534,2.7589,2
1.199,2.605,0
-0.8731,-7.2682,0
5.3656,11.11,1
8.9564,-1.1394,2
15.0602,9.7049,1
9.8317,-1.4358,2
10.2296,-0.4321,2
1.3124,-0.4812,0
14.0149,11.8799,1
10.7776,3.96,2
-0.0381,2.6298,0
6.6066,9.8544,1
0.5169,-3.9219999999999997,0
0.1581,-0.2356,0
-0.9831,-3.7739,0
0.0553,5.3389999999999995,0
10.4688,8.9689,1
8.3375,0.8219,2
2.6459,2.1834,0
6.2605,10.9712,1
15.6568,9.9959,1
8.1578,-2.3725,2
9.3078,-1.1307,2
0.8423,2.6204,0
8.0456,0.4823,2
9.1839,9.955,1
7.3934,-0.3665,2
-0.6266,-4.2827,0
11.4852,0.8893,2
6.3373,1.1726,2
-1.9089,-7.7665,0
0.0459,2.985,0
11.0558,0.0593,2
12.0116,8.5889,1
-0.3533,0.043,0
10.0253,10.1709,1
6.6584,9.5572,1
-0.978,-2.101,0
-0.18,0.0477,0
0.7378,-1.0276,0
0.3478,3.3508,0
12.1455,8.8492,1
10.6674,10.8481,1
12.5036,11.2266,1
10.7595,-2.92,2
0.0004,-1.8737,0
11.1668,-3.7553,2
11.3893,9.1498,1
0.6964,0.6212,0
-0.7401,4.5125,0
11.2755,9.9455,1
9.1225,2.4262,2
9.6991,1.7952,2
-0.4946,-1.6616,0
13.7162,11.0237,1
9.9597,-1.655,2
9.3305,-3.3027,2
8.2813,9.9923,1
11.4247,9.8546,1
11.7653,8.5737,1
-0.9349,-2.1002,0
2.6355,-0.6656,0
4.868,9.4914,1
8.807,1.0704,2
9.3399,6.0208,2
0.1262,2.5319,0
4.2203,10.7719,1
-0.1866,-1.8606,0
-0.0032,-5.6883,0
0.0411,-2.1841,0
0.4146,-3.8991,0
8.7787,-1.925,2
8.1076,8.1784,1
11.3123,-2.0317,2
8.3165,0.4549,2
-0.3719,0.5893,0
10.4858,-2.7936,2
11.3289,10.5185,1
8.4322,10.4719,1
11.0347,9.7432,1
12.7575,10.0959,1
15.4426,9.6153,1
-1.1111,1.3515,0
10.7304,11.1968,1
9.0109,1.4304,2
11.8094,-1.4248,2
-0.7777,-2.5376,0
7.7791,1.1443,2
10.5324,-0.3759,2
9.3696,-1.3147,2
8.5588,-0.6666,2
-0.1777,2.4755,0
8.6072,2.8118,2
10.1274,9.6547,1
-0.3563,-5.2776,0
8.0062,10.6286,1
11.648,-3.9152,2
1.416,6.6078,0
9.9537,-0.33399999999999996,2
1.0170000000000001,-5.1651,0
-0.4554,0.5394,0
-0.2493,0.2191,0
15.0695,9.4957,1
8.7455,9.8797,1
13.5816,10.6017,1
10.8616,10.3898,1
11.6917,9.5953,1
8.2067,9.3294,1
8.3122,3.9216,2
6.1975,10.4313,1
8.8909,-0.2873,2
-0.8096,1.2879,0
1.2338,3.5774,0
9.6921,9.4958,1
-0.8071,1.2314,0
9.8647,-1.0544,2
13.4573,9.558,1
-0.0314,-3.0235,0
-0.2708,0.2885,0
-1.9483,2.2666,0
6.112,-1.7006,2
10.074,-3.3322,2
-0.5158,0.4448,0
1.0578,-0.0717,0
-0.2835,1.7784,0
11.3156,0.1888,2
-2.2182,1.9525,0
-0.3786,-2.0442,0
-0.1367,-4.1658,0
12.290999999999999,-0.9796,2
7.8831,0.3605,2
11.9123,10.2105,1
0.34600000000000003,-3.0618,0
7.6029,9.5093,1
0.4218,-1.1654,0
-0.3593,-3.077,0
10.3197,-0.1634,2
-0.1057,-1.7807,0
9.4974,-1.2418,2
0.9457,-1.2881,0
10.2723,9.8251,1
9.5561,9.898,1
9.2423,9.2906,1
5.9254,-0.0934,2
10.6628,-1.8230000000000002,2
1.2371,-3.7293,0
-0.8853,3.102,0
1.3508,2.4097,0
11.6049,-0.4582,2
-1.1677,2.205,0
-0.6896,-3.2823,0
5.1341,10.3401,1
9.4506,0.23800000000000002,2
10.7982,9.6136,1
9.0064,1.4203,2
-0.6069,4.6201,0
0.9229999999999999,-2.8272,0
6.6053,0.4679,2
12.2858,2.8593,2
8.2097,1.4743,2
-1.9977,-4.8049,0
1.1114,1.7202,0
16.0563,8.0368,1
7.7838,0.8951,2
12.4316,2.4534,2
8.5267,-0.3874,2
9.4324,9.2977,1
10.3539,-0.7289,2
-0.5724,-1.8464,0
14.0628,9.485,1
0.7388,-6.6584,0
-1.0969,-1.6902,0
-1.0092,5.1908,0
0.2554,-6.0658,0
0.1518,-2.4283,0
-0.5096,-3.7314,0
11.7248,2.4703,2
0.1309,1.2626,0
7.5675,-0.5848,2
5.3153,8.6125,1
-1.6037,0.1072,0
9.0662,-0.4557,2
-0.4655,-2.945,0
12.6232,8.7159,1
9.5876,-0.0346,2
12.7829,-2.2898,2
10.4493,-2.6682,2
0.0958,1.7743,0
1.0006,-3.7167,0
8.1538,-0.2734,2
-0.0959,5.2258,0
0.6624,8.617,0
9.7929,2.2316,2
-0.9265,1.436,0
13.3882,2.795,2
0.5098,-0.5986,0
0.1979,-3.9482,0
6.1736,10.2634,1
13.6097,11.2068,1
9.9177,9.891,1
10.6289,-2.0999,2
1.2025,2.4401,0
11.4934,0.1484,2
5.0603,7.6441,1
-0.3221,-1.3052,0
9.8404,9.1563,1
8.0417,4.0179,2
-1.6130000000000002,-2.0467,0
8.1885,-2.3157,2
11.3183,9.7691,1
13.6207,10.0347,1
11.1019,1.6236,2
12.2469,9.8728,1
11.494000000000002,2.0869,2
4.1033,8.1349,1
9.9378,1.6744,2
-0.1052,1.485,0
11.975,7.9383,1
10.2691,9.8785,1
9.5638,-0.3513,2
-0.1492,2.5649,0
0.2848,0.8436,0
14.514000000000001,9.7796,1
9.847000000000001,4.4641,2
10.2542,2.2428,2
7.8978,9.504,1
3.8,9.7684,1
9.5844,13.3671,1
10.055,-0.8565,2
-0.5175,-1.6396,0
11.7007,1.3731,2
11.5808,9.2987,1
9.617,1.4833,2
8.3953,9.9254,1
0.8143,-1.9137,0
12.7373,8.8643,1
11.8319,9.1341,1
8.9178,3.3094,2
7.3231,10.8725,1
8.9176,3.9662,2
9.2801,2.7708,2
-0.5172,5.0497,0
0.0455,-6.0745,0
11.2564,0.3772,2
12.9733,9.6901,1
6.6626,11.0632,1
10.1621,3.8529,2
9.3594,8.8533,1
11.1533,-0.0122,2
7.0729999999999995,9.5558,1
10.1182,4.6091,2
13.1653,2.7975,2
0.5947,-0.5551,0
11.4954,-0.7073,2
9.2368,8.9886,1
12.8086,-0.7962,2
8.8851,-1.8754,2
11.558,1.7339,2
9.8876,9.8796,1
0.8903,1.2162,0
3.7680000000000002,11.9281,1
11.5183,8.3877,1
8.7792,-0.9374,2
3.4846,8.6607,1
-0.308,-2.7917,0
0.7103,-0.5256,0
6.449,8.4688,1
11.1624,-0.0727,2
-0.1496,-0.1252,0
9.5378,1.1331,2
8.1162,-0.1735,2
11.2329,0.2787,2
-1.5101,7.4257,0
6.5683,11.0059,1
12.0403,-2.2782,2
-0.6077,-0.3116,0
9.9825,5.4164,2
9.6127,1.8259,2
11.1287,10.1034,1
9.6216,-5.1556,2
5.5089,9.683,1
-0.9137,-1.1571,0
12.1552,-1.4601,2
8.1163,3.3101,2
0.8981,5.9723,0
9.2961,10.8539,1
0.4482,0.6264,0
11.6916,10.5427,1
0.804,-0.8544,0
-1.1224,-0.49,0
8.7409,9.1048,1
0.0669,-5.3519,0
10.9397,1.5808,2
5.5229,10.7943,1
12.4304,10.8196,1
10.658,9.7172,1
9.3377,2.0458,2
10.4012,1.5971,2
12.5805,9.4105,1
11.0143,-0.8690000000000001,2
-0.0486,1.0664,0
10.7473,-0.4304,2
11.6745,10.6183,1
-2.0102,8.6873,0
8.9816,1.7141,2
9.7947,-3.12,2
8.7898,8.7749,1
10.3844,-0.0057,2
1.3997,1.3084,0
-0.4763,-1.9484,0
9.1895,-1.8203,2
-1.3702,0.8333,0
0.3626,4.6202,0
15.9128,8.211,1
8.5221,-1.4591,2
0.7411,-3.009,0
9.9094,8.9054,1
-0.8127,3.2492,0
1.9349,3.1921,0
10.5769,1.5827,2
10.7615,9.7932,1
12.58,9.584,1
15.3206,10.7578,1
-1.1824,-3.7425,0
12.5762,1.8485,2
10.3334,-1.7355,2
1.8459999999999999,10.7087,1
-0.2414,-4.2688,0
0.5377,0.1742,0
11.485,0.1054,2
13.9415,9.3971,1
10.7145,0.2848,2
-2.2761,-3.3774,0
11.6216,-0.1355,2
13.4402,-1.9815,2
12.3469,-1.7855,2
1.1435,4.4786,0
1.2243,0.8762,0
-0.3639,4.4257,0
-0.3515,-0.0169,0
13.5358,8.8002,1
10.5003,9.422,1
-0.7268,4.1658,0
11.7218,8.2902,1
9.2743,9.017999999999999,1
0.2664,3.9152,0
12.7455,-0.0034,2
1.4829,-3.8560000000000003,0
6.3043,-7.54,2
8.5275,2.5191,2
0.9901,2.1427,0
8.234,-0.3818,2
12.102,-0.6816,2
8.6803,9.031,1
-1.1487,-6.0119,0
10.7714,2.7336,2
-0.3786,-2.4573,0
10.7702,10.0386,1
0.4247,1.6781,0
13.0936,10.3324,1
8.5988,-2.1386,2
12.9599,1.3944,2
7.2559,1.5914,2
11.0014,-3.0707,2
5.4006,9.995,1
-0.2288,3.1992,0
0.2977,-2.9382,0
9.9775,0.6519,2
-0.2016,3.0921,0
9.9058,-0.6751,2
-1.8754,-3.0662,0
7.9305,9.8916,1
0.5649,0.2034,0
-1.3676,0.7133,0
10.0861,-0.387,2
7.9668,2.8657,2
8.8805,1.9564,2
10.4901,2.3987,2
1.4368,0.8584,0
9.5661,0.6987,2
5.9441,11.637,1
6.2403,10.0332,1
0.2056,1.3202,0
9.7526,0.2651,2
-0.0603,0.4693,0
9.2721,8.6101,1
6.2755,9.2298,1
13.5739,-0.0756,2
9.8983,0.8404,2
0.8827,1.5425,0
11.8785,10.293,1
12.717,1.4819,2
9.83,-3.4661,2
8.7176,10.579,1
8.3968,0.1928,2
0.1481,0.6629,0
0.287,-0.5438,0
11.0958,1.1324,2
-1.4983,-4.8134,0
-0.5231,-1.5330000000000001,0
10.4502,3.0789,2
11.9083,9.6372,1
14.9535,8.9075,1
7.8067,9.834,1
10.8315,1.1054,2
10.9394,1.4195,2
13.6261,-2.1639,2
8.2184,-1.4322,2
11.3359,-1.0269,2
6.0559,10.9305,1
-0.3489,3.7177,0
0.5209,0.8662,0
11.2627,-0.1408,2
11.7688,1.4362,2
10.5465,-1.1592,2
8.745,0.3125,2
-0.4876,3.115,0
10.2652,0.5905,2
11.9051,0.8143,2
8.38,10.7188,1
12.3056,-1.4695,2
8.2648,0.4985,2
0.5773,2.8414,0
0.6141,-6.1166,0
-0.0177,4.0921,0
13.8139,9.6505,1
12.19,11.5325,1
11.6392,-2.3914,2
9.8872,8.5051,1
1.4318,-3.1027,0
8.9721,-1.936,2
8.5057,9.8184,1
-0.5112,-3.6758,0
11.1127,9.7614,1
-0.1431,1.4518,0
0.6472,-3.1047,0
5.1243,9.9053,1
11.1227,-0.0315,2
8.4418,-0.4324,2
10.1192,10.7319,1
-0.6474,3.1497,0
2.123,-8.9746,0
9.9919,-1.1784,2
13.7273,8.5634,1
10.8278,10.1239,1
0.7323,-2.5744,0
7.4692,2.6967,2
11.1382,0.5035,2
5.7723,11.7281,1
7.5083,0.9341,2
-0.3243,-1.1168,0
-0.9848,-8.2061,0
9.6313,-4.3119,2
10.1975,10.6599,1
1.3096,-3.2636,0
-0.5091,-4.1271,0
9.0621,9.4563,1
15.2903,10.2125,1
-0.6185,-1.1227,0
10.9207,11.2784,1
11.0332,2.6132,2
10.3882,0.902,2
10.703,8.6935,1
2.6189999999999998,-0.6764,0
-0.46799999999999997,3.9807,0
12.6841,-1.8116,2
11.1645,9.6828,1
14.8889,11.2298,1
8.8315,0.3029,2
12.0469,0.922,2
13.1272,-0.2811,2
9.7072,-1.0190000000000001,2
8.4582,11.5621,1
-1.5709,-8.6272,0
0.9901,0.8218,0
-0.3226,-1.1640000000000001,0
4.3428,10.6951,1
8.5245,1.1665,2
11.126,-0.2025,2
9.6161,0.6029,2
-0.2,1.8391,0
9.0636,-0.9525,2
8.8869,0.8695,2
7.0172,10.9445,1
9.7672,7.4781,1
11.718,1.0507,2
8.9141,-1.2063,2
-1.7286,-7.2329,0
0.301,-1.425,0
-0.0734,3.5869,0
5.6831,9.4344,1
7.6855,9.62,1
11.0409,10.2949,1
9.8154,-1.7847,2
4.512,8.7189,1
13.6781,-0.7611,2
8.8866,-0.7421,2
12.8641,-2.0132,2
-0.2713,-0.1586,0
9.9394,9.0611,1
11.5324,-0.0831,2
10.882,10.044,1
-0.3299,0.9484,0
12.027000000000001,4.6121,2
4.1491,10.3239,1
12.5969,2.9119,2
9.469,10.0749,1
3.589,11.2116,1
0.6478,3.6824,0
12.3221,11.1213,1
-0.2145,0.9490000000000001,0
12.4323,11.5724,1
9.4354,0.4622,2
0.2823,8.9056,0
13.6143,9.0425,1
-0.4233,-6.8951,0
8.5778,0.1552,2
11.3917,-0.1314,2
14.917,8.8498,1
1.5701,4.1557,0
8.3173,1.6343,2
15.5584,11.149000000000001,1
0.5278,-0.1143,0
-0.5887,0.0321,0
10.7245,4.2571,2
-0.1019,2.4484,0
13.6293,10.7876,1
0.1211,-0.6263,0
10.6287,-0.9863,2
4.8752,9.0775,1
13.2268,-0.1158,2
10.9697,1.4122,2
11.3318,-1.3785,2
11.4973,7.5029,1
9.6677,1.3608,2
10.519,9.2106,1
1.75,-3.8769,0
-0.975,4.5839,0
11.7609,8.0782,1
1.7776,2.1873,0
9.1721,-3.2597,2
14.2134,8.4337,1
0.5136,-3.4010000000000002,0
12.581,10.8836,1
10.6629,1.7583,2
8.5803,4.281000000000001,2
8.4474,1.5576,2
-0.4852,-0.425,0
8.1848,10.0307,1
9.673,1.1376,2
3.8169,9.471,1
13.2265,-0.2157,2
9.1049,-0.6943,2
7.4445,0.4354,2
8.4704,2.8484,2
5.4137,-1.0397,2
12.624,10.1567,1
10.3577,10.6195,1
7.5438,10.1685,1
12.7468,10.4943,1
15.7091,1.1503,2
4.0813,10.6072,1
-0.4255,0.914,0
14.4375,8.6695,1
9.6514,8.8017,1
7.3841,-2.8538,2
-0.3138,4.1369,0
7.6475,1.8224,2
9.1587,-3.0516,2
8.4247,10.1819,1
7.1129,10.0744,1
-0.9124,1.27,0
12.0929,8.8274,1
8.7419,10.5369,1
10.5898,-3.6511,2
12.5707,11.3096,1
7.6402,8.1739,1
3.9219,9.3017,1
6.2701,9.1799,1
0.2874,-4.4542,0
9.9367,-1.2461,2
10.5224,3.0298,2
7.3154,10.0233,1
11.7807,10.6173,1
0.8803,1.5823,0
-0.2889,-2.7465,0
12.0721,9.4041,1
-1.1986,-2.9885,0
11.3595,1.6247,2
6.836,12.1535,1
1.1461,2.5288,0
12.0361,8.6481,1
-1.796,3.2941,0
10.3111,10.2254,1
13.6863,1.2335,2
0.9521,-4.4392,0
1.6741,2.3480000000000003,0
11.7443,8.5416,1
9.7435,8.8851,1
11.0653,0.0531,2
12.737,9.4878,1
0.718,-0.7651,0
10.2139,9.2992,1
8.6285,2.8531,2
1.6927,-0.6646,0
5.6607,10.7486,1
9.7259,9.1426,1
9.5086,10.5019,1
-0.6990000000000001,-4.1004,0
9.6386,-0.2485,2
10.2087,1.0198,2
8.5816,9.3315,1
11.5164,11.9174,1
-1.7621,-2.0357,0
0.4373,-0.3733,0
11.9123,9.9273,1
9.2211,8.2732,1
9.9851,9.2847,1
0.902,1.4301,0
0.7709999999999999,2.1722,0
12.8415,0.3992,2
-0.8495,-1.9022,0
12.1896,9.5115,1
1.0877,-3.6983,0
-0.9258,2.2819,0
11.3847,8.6079,1
1.8769,4.0696,0
7.6075,9.8236,1
-1.135,-0.5329,0
9.3683,10.7175,1
9.0752,1.673,2
17.3605,11.3012,1
0.8009,4.5636,0
9.4645,10.1784,1
0.0403,4.1442,0
6.0485,-1.2695,2
8.9803,1.6216,2
12.4958,0.4375,2
0.012,-1.7689,0
0.5944,2.7429,0
-1.0525,0.6761,0
4.7956,11.4269,1
5.7158,10.4612,1
7.0245,-1.2095,2
8.9405,-0.3314,2
8.1892,8.9725,1
9.0428,10.61,1
-1.0144,-4.2889,0
8.9774,11.043,1
10.7501,9.4465,1
11.2697,0.1047,2
4.2128,13.1299,1
10.5947,-2.5321,2
11.1558,10.5713,1
-1.3397,-2.2935,0
7.3053,1.112,2
-1.1424,-2.7485,0
8.9814,-0.7390000000000001,2
8.8343,-1.0526,2
9.8106,0.6877,2
0.0111,-0.8637,0
0.8915,0.7140000000000001,0
0.7777,1.8757,0
-1.5929,1.3389,0
10.8555,9.8174,1
8.9879,-3.3069,2
7.9545,11.4982,1
3.292,10.8454,1
10.4119,3.8801,2
11.8708,8.7989,1
10.2525,-1.0835,2
13.5252,7.8488,1
-0.3563,-0.5509,0
9.3696,-2.1311,2
7.9126,10.4991,1
10.8719,-0.1847,2
11.8972,10.4602,1
1.7607,0.6261,0
0.6474,-4.0475,0
-1.2139,-5.0879,0
0.1849,6.9178,0
10.9532,-4.3661,2
-0.7757,-0.5045,0
10.7378,9.3821,1
9.9738,2.4913,2
11.2721,10.8591,1
11.0369,0.9499,2
11.4076,-0.4318,2
8.385,9.3697,1
1.6111,1.2848,0
0.4256,0.9813,0
8.4784,2.0063,2
0.1814,1.4157,0
12.4782,8.904,1
0.2102,4.688,0
9.078,0.941,2
11.6164,11.0846,1
8.0056,10.6454,1
0.6341,-1.9291,0
10.4426,8.9537,1
7.619,9.475,1
0.0049,-0.5081,0
9.9284,3.6939,2
12.0,10.6855,1
7.0963,0.0091,2
9.0097,0.3418,2
8.7109,11.0496,1
1.0085,1.6312,0
10.2003,-1.0392,2
0.9318,-0.2658,0
8.4053,9.791,1
6.3722,12.0754,1
9.2089,10.7765,1
12.3794,10.06,1
11.5767,-3.1319999999999997,2
1.7533,-2.4521,0
11.724,-1.6489,2
1.8163,-2.5506,0
8.061,9.8252,1
-0.6728,0.8957,0
5.6114,8.9879,1
-1.4015,0.9092,0
10.3538,9.698,1
0.7102,-1.0083,0
-0.9236,-4.6448,0
5.3202,7.9678,1
9.7369,9.0866,1
7.8912,-1.4283,2
1.2994,-3.5151,0
0.5219,-3.7288,0
8.3378,8.296,1
9.0448,-1.9324,2
9.8951,1.2006,2
5.6704,9.0264,1
11.265,10.7979,1
-0.5748,1.4404,0
-0.5499,-4.917,0
1.2604,-5.1535,0
7.8808,2.0641,2
0.3406,-1.3247,0
-0.3559,-0.1477,0
9.4516,10.4081,1
-0.5759,1.9407,0
-0.3842,0.8756,0
-0.7501,0.8062,0
2.6715,1.5036,0
-0.5743,0.4413,0
8.9848,-2.4811,2
-0.5749,0.5269,0
8.8239,10.6822,1
10.8338,11.4874,1
9.6317,-1.8525,2
9.4112,1.1439,2
10.0046,-1.1251,2
0.6464,2.3217,0
8.8734,1.0075,2
12.8658,1.3452,2
13.3122,-1.0159,2
7.5817,9.8106,1
-0.0295,-0.9486,0
5.3712,9.3246,1
9.6261,10.011000000000001,1
10.111,-0.8069,2
12.0251,9.1854,1
-0.8041,-5.9119,0
6.6701,-0.9191,2
8.6774,11.5765,1
8.0127,11.3242,1
0.9633,-1.7254,0
9.5857,1.2499,2
-0.0252,-7.2832,0
-0.2162,6.3705,0
11.6871,-1.3475,2
2.4928,0.3206,0
10.1099,-2.9331,2
9.027999999999999,2.7238,2
0.6143,3.4069,0
10.8216,0.6687,2
-0.2276,-2.5674,0
0.3313,-2.8963,0
13.5688,8.9317,1
7.3536,10.5273,1
10.450999999999999,-2.9855,2
-0.3977,3.0167,0
-0.5379,-2.5518,0
9.5007,1.4862,2
-1.3841,-1.3735,0
7.6995,10.2252,1
7.2161,9.5425,1
11.0209,-1.0719,2
9.2928,9.1361,1
10.7315,7.0554,1
9.1373,3.9925,2
4.5979,11.0412,1
10.735999999999999,3.1511,2
8.0608,10.27,1
10.1891,-0.7524,2
12.3191,12.1429,1
-1.5507,-0.9787,0
14.5155,9.2735,1
0.5109,3.4044,0
4.1109,8.8041,1
4.0161,9.7302,1
0.4234,1.9753,0
11.1707,4.6135,2
-0.747,-4.7032,0
11.3352,8.2889,1
-0.5214,-2.3404,0
0.037000000000000005,-3.6726,0
9.5038,9.3433,1
11.6269,1.6717,2
10.9802,7.0819,1
7.2247,10.5888,1
-1.2025,0.2071,0
9.0588,9.3819,1
0.6889,2.0308,0
0.2355,-3.9953,0
7.2068,9.6265,1
13.6346,10.1968,1
0.9868,2.1553,0
10.6225,9.1957,1
7.2217,-3.3929,2
9.2971,-2.4782,2
8.0924,11.3965,1
8.8954,9.3977,1
8.0485,9.6967,1
-1.4083,-4.0106,0
10.4466,7.9884,1
13.2852,11.1383,1
10.9872,3.2131,2
10.9341,2.0596,2
-2.0684,-1.9774,0
9.9433,9.8514,1
15.413,9.3291,1
10.6564,1.5268,2
12.2811,0.8551,2
10.9091,-2.4069,2
10.2059,0.0163,2
9.8703,9.1666,1
8.1606,10.0262,1
12.5365,-0.4166,2
11.3216,-0.9144,2
-2.1291,-5.0753,0
1.0025,1.2933,0
-1.7135,-1.2917,0
1.3063,2.6628,0
11.1212,-0.396,2
0.5302,6.1625,0
10.3865,9.6962,1
9.0011,8.4556,1
7.4855,10.6702,1
0.5455,5.3778,0
9.8748,-1.1517,2
7.2347,11.3082,1
12.277999999999999,9.5811,1
10.2527,-0.0175,2
9.8503,10.7342,1
9.9025,0.6031,2
11.3519,10.0111,1
-0.0366,-2.1277,0
8.4074,10.3829,1
10.2772,-6.0602,2
15.5565,9.661,1
11.3615,2.8714,2
8.3679,0.8879,2
12.5741,8.8136,1
9.6746,-3.4862,2
6.0596,9.3723,1
10.325,-0.0374,2
-0.2566,4.0487,0
-0.6774,0.0709,0
-1.8514,-0.0594,0
13.64,10.3396,1
11.1379,1.0255,2
-0.0142,1.8855,0
-0.1123,-1.1537,0
9.9961,10.1005,1
5.6671,10.2104,1
12.9948,1.5378,2
10.0241,-1.4367,2
-0.0878,3.5627,0
6.9933,10.1603,1
10.12,0.6936,2
10.9085,11.033,1
8.7427,0.8568,2
13.0366,10.4809,1
1.4398,-3.2037,0
0.0699,-0.9063,0
7.4059,8.1844,1
8.872,11.0348,1
12.7356,-2.5025,2
8.4067,-1.3188,2
13.7472,10.6074,1
-1.4365,-2.6911,0
9.5403,-1.7075,2
9.2488,1.9598,2
11.3047,-3.7261,2
11.0938,2.0618,2
9.1078,-0.7976,2
8.3108,-0.8271,2
11.9245,-0.0807,2
0.4213,0.2107,0
12.5077,9.1927,1
10.6478,-0.4325,2
8.5484,3.0657,2
13.4116,8.1594,1
-0.0487,1.1229,0
0.7683,5.0364,0
-0.7873,-2.9881,0
-0.6574,2.8754,0
12.3041,11.4206,1
12.1931,-2.6487,2
8.8252,8.8705,1
1.1704,2.0215,0
11.5546,8.2218,1
10.7621,9.2618,1
0.4936,9.6029,1
11.3407,0.0527,2
0.6093,1.63,0
11.2114,-0.2599,2
0.2499,-3.8307,0
5.5639,10.4491,1
0.5211,1.0409,0
15.4753,10.9581,1
11.7852,0.0162,2
1.0812,0.0487,0
12.8138,11.495,1
-1.6786,4.2367,0
-0.7994,-2.146,0
10.7587,9.4001,1
8.5254,-0.7744,2
11.8157,-0.4242,2
7.6981,10.2622,1
7.8122,-0.7488,2
-0.2266,-5.7059,0
0.2739,-3.0786,0
11.5075,10.1862,1
-0.4894,-3.4028,0
2.9634,-0.6687,0
12.3295,9.4728,1
9.0002,2.0445,2
9.9966,9.4897,1
0.1559,0.319,0
11.0568,10.1848,1
13.4516,8.3806,1
11.2344,-2.4106,2
0.1919,0.3706,0
0.6304,2.416,0
-0.2478,5.084,0
7.055,1.5968,2
-0.4376,4.8702,0
7.8409,10.6874,1
12.6122,10.324000000000002,1
9.2194,10.4178,1
6.8485,9.814,1
12.2726,9.1177,1
-0.3365,-1.8323,0
6.8317,10.2126,1
7.8592,0.2405,2
-0.2279,2.7514,0
13.5983,6.4665,1
10.5308,0.5882,2
9.1757,-0.1596,2
-0.1902,3.2344,0
10.1931,0.2453,2
5.6981,9.3372,1
-0.7887,-0.7847,0
8.9688,-0.5516,2
14.0818,9.8521,1
11.6482,-0.3074,2
9.9477,-2.0219,2
8.547,-0.5421,2
0.6816,1.3273,0
9.6996,0.4919,2
12.8212,9.4384,1
7.4532,4.8053,2
1.4575,-9.535,0
0.7752,-0.0864,0
1.3783,2.4115,0
15.658,8.9552,1
12.1892,-0.6152,2
10.2276,1.8774,2
-0.0263,0.6254,0
-0.375,-1.7193,0
9.2471,2.4483,2
10.1313,1.0538,2
0.8177,-3.1227,0
0.8765,-2.5308,0
-0.1268,-1.0518,0
14.6327,10.7631,1
-0.9133,-1.1414,0
11.1641,0.7838,2
10.6657,0.8724,2
-2.1152,6.9278,0
-0.1743,-3.1382,0
7.3186,-2.5775,2
-0.544,-2.324,0
13.8195,10.1924,1
2.3346,2.2618,0
7.2884,-0.2601,2
0.4984,7.9697,1
7.611000000000001,10.0296,1
1.2725,1.3967,0
16.2393,10.515999999999998,1
-0.7189,-0.2781,0
8.6608,-2.3087,2
-0.6381,-1.5115,0
6.7625,10.9081,1
8.0281,10.2114,1
-0.9261,1.7758,0
14.1303,10.0569,1
12.5004,9.2238,1
9.0339,2.3934,2
8.6554,11.5446,1
7.8404,7.6396,1
-0.0704,-1.0877,0
10.6279,7.051,1
12.3298,9.9411,1
-0.2993,0.067,0
17.6358,7.8663,1
13.642999999999999,9.7193,1
10.3364,11.5147,1
5.9231,9.1887,1
9.0733,1.0848,2
0.5639,-0.4006,0
-2.0903,-3.1395,0
11.1918,9.6164,1
9.8006,10.0181,1
10.2365,2.5829,2
-0.5068,-1.3911,0
0.7078,3.3033,0
7.9627,0.40700000000000003,2
-1.5441,-4.7389,0
12.425999999999998,-1.1558,2
1.2593,5.2971,0
-2.0191,-2.2849,0
-1.5079,6.0103,0
0.3714,0.9301,0
7.0221,-0.2307,2
0.1226,-2.7302,0
11.8569,1.1524,2
5.0535,10.2329,1
7.4389,-0.5849,2
-0.3149,2.5017,0
-0.506,1.0223,0
-1.0749,2.9436,0
8.8927,-0.4661,2
1.2121,-2.7798,0
12.9817,0.3609,2
11.9517,11.2294,1
7.7361,10.0986,1
11.2848,11.9758,1
1.6340000000000001,-0.7755,0
0.0121,2.0016,0
10.0373,-0.3111,2
0.5315,-9.0227,0
12.7893,-1.2784,2
10.0639,3.1718,2
8.6859,-3.9078,2
7.656000000000001,8.8992,1
0.8925,-1.2979,0
-0.3185,0.2524,0
9.2163,-3.2349,2
9.2497,0.8253,2
10.062000000000001,-3.6658,2
9.9992,-0.4144,2
11.2712,-0.5685,2
11.3589,-0.066,2
-0.2125,2.2709,0
8.8199,11.1103,1
13.0728,9.2739,1
9.0488,10.4448,1
-0.4292,6.2005,0
12.3992,10.1414,1
9.617,9.7922,1
2.8195,10.6866,1
1.228,5.7051,0
-0.0215,-1.1436,0
7.1929,8.9588,1
7.7058,-2.8715,2
-0.635,2.2694,0
7.8476,-1.9048,2
10.5903,11.6463,1
-3.1148,-3.659,0
10.6065,-2.9914,2
7.8151,8.164,1
-0.7709999999999999,-2.1793,0
8.0866,1.8043,2
8.7557,10.7798,1
-1.8395,-5.3577,0
1.0694,-5.6896,0
10.8115,9.8494,1
6.8371,0.1584,2
-2.1911,-2.099,0
-1.7886,-2.7107,0
-0.9832,-3.2044,0
0.171,-1.4131,0
-0.4892,-5.1525,0
11.0591,2.2947,2
-0.7941,-1.3019999999999998,0
13.3088,9.6005,1
-1.2756,3.0083,0
8.0645,10.1758,1
1.595,-7.1304,0
0.179,2.4811,0
1.5362,-4.3768,0
5.4388,-4.1252,2
8.3823,9.2992,1
11.091,-0.9504,2
0.3372,-3.8033,0
0.345,3.9869,0
1.9121,-2.985,0
9.6771,-1.6518,2
11.7291,2.6552,2
-0.0452,-1.2594,0
10.255,-0.3034,2
13.8642,10.9007,1
7.3277,0.4171,2
8.8482,-5.1622,2
10.5724,0.9467,2
4.6198,10.2432,1
14.7892,11.4177,1
9.9813,3.1336,2
10.4264,1.2227,2
0.2578,0.762,0
6.8797,10.5244,1
0.8351,0.1295,0
13.9486,8.5874,1
-2.112,-2.0796,0
8.996,3.2091,2
-0.1167,1.2681,0
9.4028,10.007,1
0.4477,3.466,0
10.6296,-0.3576,2
-1.7652,3.6079,0
9.0351,9.5953,1
-0.2915,4.0378,0
11.5797,9.2643,1
10.9103,8.9918,1
9.3814,3.7971,2
-0.016,-1.2101,0
4.6343,-5.0761,2
8.9489,-2.7267,2
5.7119,10.4608,1
8.9587,-0.6637,2
11.3237,0.7446,2
5.4354,11.3783,1
8.8623,0.767,2
9.9534,-0.1044,2
-1.3532,-7.5971,0
8.2052,-0.1777,2
9.3356,-1.2428,2
12.5036,1.2347,2
-0.1436,-3.6631,0
1.2349,1.2045,0
16.1732,-1.4923,2
8.781,7.8463,1
15.045,10.999,1
10.1637,-2.8533,2
12.452,-2.9547,2
9.0932,9.8683,1
7.9844,10.7211,1
10.4417,1.5115,2
5.5038,10.6301,1
1.208,2.9534,0
8.2008,10.6414,1
11.5313,-0.8425,2
0.1608,-2.6127,0
10.6028,0.0859,2
1.0757,3.7441,0
0.9862,0.4254,0
0.3549,0.6682,0
6.6198,10.8618,1
12.6247,10.6269,1
11.6094,-0.9104,2
-2.3377,0.1234,0
12.1028,-2.8551,2
0.3279,-2.5237,0
11.2336,-2.3874,2
12.7225,10.0318,1
6.3405,0.3535,2
0.9347,0.2886,0
9.2933,2.5461,2
10.6484,-0.7885,2
12.2024,10.9798,1
7.7302,10.5216,1
-0.7025,-2.2118,0
9.7748,1.214,2
1.063,0.6605,0
8.0639,10.5283,1
0.442,0.1949,0
-0.0773,-1.7974,0
0.6292,-2.5046,0
12.4287,12.6652,1
0.4895,-5.5508,0
10.5594,-0.7196,2
14.3334,10.0521,1
1.5071,-1.7711,0
10.542,9.9132,1
10.3527,2.1773,2
11.0547,-2.5107,2
9.5442,3.1727,2
-0.1557,3.8687,0
4.1186,10.8604,1
10.9829,10.0168,1
11.1968,-0.4169,2
12.7523,0.2126,2
10.7521,10.4878,1
9.7147,-2.7244,2
7.1986,0.3358,2
10.6069,-1.3725,2
7.8438,-2.094,2
-0.7897,-3.4983,0
8.2397,10.85,1
10.0053,-0.1206,2
8.1043,10.2799,1
10.5035,-1.594,2
1.0915,-0.2796,0
8.4597,9.3525,1
10.562000000000001,0.0436,2
-0.6503,-0.2036,0
8.0119,1.6743,2
0.6,4.0833,0
10.6276,0.0868,2
11.6634,11.6031,1
8.1035,8.2396,1
9.1628,-0.3199,2
5.4311,9.349,1
9.8563,-0.253,2
11.8077,10.238999999999999,1
0.3559,-0.5702,0
11.9658,-0.8327,2
-0.2223,-3.8028,0
6.4697,9.715,1
-1.0243,5.5423,0
-2.0498,-0.4031,0
10.2327,11.1232,1
10.5333,0.1696,2
8.6797,9.3062,1
0.3038,-3.0926,0
5.2487,12.0217,1
10.1105,-0.3053,2
0.2961,-3.1706,0
11.3559,1.0072,2
10.0656,-1.8859,2
6.0216,-0.3752,2
13.7258,9.3544,1
5.2093,11.0975,1
8.3314,11.3357,1
9.0105,9.0665,1
0.6492,0.6703,0
7.9407,-2.7960000000000003,2
10.4659,4.5885,2
1.4823,-1.7442,0
9.8872,9.6908,1
-0.524,1.1979,0
6.3212,10.4977,1
7.1529,-3.2876,2
8.6912,3.4615,2
10.5166,2.8959,2
8.9973,10.3543,1
-1.9868,-2.0743,0
12.3528,-1.014,2
-1.676,-1.5432,0
9.6095,11.9888,1
12.2267,9.5486,1
6.3622,8.5868,1
0.4609,-4.4213,0
-0.485,-2.7946,0
11.1006,-0.2768,2
1.0176,-1.3446,0
10.752,10.5999,1
10.8859,2.273,2
11.7553,-5.6541,2
8.8089,10.2641,1
9.5374,9.5403,1
7.8428,11.495,1
-0.0967,-3.0351,0
9.9316,-0.885,2
11.5074,8.5887,1
7.1584,9.1143,1
11.5979,-0.4858,2
10.1034,-0.0637,2
1.109,3.2359,0
-1.3733,7.7603,0
11.4981,11.1624,1
-0.0407,-0.2652,0
11.2937,-0.0523,2
-0.6101,-1.5815,0
11.9173,1.9013,2
7.087999999999999,8.6628,1
-1.0449,0.9982,0
-0.4665,2.7157,0
6.9259,-2.6069999999999998,2
10.4396,9.8823,1
13.7918,10.448,1
13.2633,8.7749,1
9.2213,-4.0211,2
0.6526,-1.422,0
12.0778,0.9706,2
-0.5001,-2.3703,0
9.7072,-4.7374,2
-2.8982,5.5013,0
9.1624,1.7231,2
11.0957,0.8022,2
-0.0046,-1.147,0
1.0356,-2.2089,0
9.1577,10.337,1
11.3825,-1.7188,2
5.7353,9.6782,1
9.8701,0.0295,2
8.2928,10.5059,1
9.4221,8.1885,1
7.1522,9.3303,1
0.81,-6.1927,0
-1.0070000000000001,-1.3615,0
-1.3217,2.1843,0
-0.2563,-2.3121,0
-2.0018,-2.9911,0
11.0001,10.5638,1
13.3112,11.8594,1
11.2783,10.0689,1
13.0753,8.0027,1
0.3608,-3.3110000000000004,0
1.4621,0.7121,0
3.3298,9.0857,1
5.7613,9.506,1
11.7363,9.4002,1
1.0915,7.5753,0
-1.5935,0.6042,0
10.0264,1.9601,2
7.8458,1.6508,2
10.2498,9.6507,1
-0.6603,-1.1358,0
9.4538,1.6734,2
6.6921,9.5822,1
8.9946,1.1012,2
0.5622,4.8205,0
11.186,3.0964,2
10.1656,11.8753,1
0.8508,2.4392,0
10.3842,-0.4403,2
11.8814,9.5955,1
6.0591,-0.8475,2
12.1163,-1.4283,2
11.489,10.4113,1
12.2145,-1.3424,2
9.283999999999999,0.6044,2
8.0657,-1.6866,2
8.7639,0.3777,2
-1.2704,-1.0739,0
-1.1832,-2.2315,0
11.2435,-0.961,2
